Record Length,2.500000e+03,,  -0.000000012500,  -0.60000,
Sample Interval,1.000000e-11,,  -0.000000012490,  -0.60000,
Trigger Point,1.250000000000e+03,,  -0.000000012480,  -0.60000,
,,,  -0.000000012470,  -0.60000,
,,,  -0.000000012460,  -0.60000,
,,,  -0.000000012450,  -0.60000,
Source,CH1,,  -0.000000012440,  -0.60000,
Vertical Units,V,,  -0.000000012430,  -0.60000,
Vertical Scale,1.000000e+00,,  -0.000000012420,  -0.60000,
Vertical Offset,4.080000e+00,,  -0.000000012410,  -0.60000,
Horizontal Units,s,,  -0.000000012400,  -0.60000,
Horizontal Scale,2.500000e-09,,  -0.000000012390,  -0.60000,
Pt Fmt,Y,,  -0.000000012380,  -0.60000,
Yzero,0.000000e+00,,  -0.000000012370,  -0.60000,
Probe Atten,1.000000e+01,,  -0.000000012360,  -0.60000,
Model Number,TDS2024B,,  -0.000000012350,  -0.60000,
Serial Number,C105283,,  -0.000000012340,  -0.60000,
Firmware Version,FV:v24.02,,  -0.000000012330,  -0.60000,
,,,-00.000000012320,  -0.60000,
,,,-00.000000012310,  -0.60000,
,,,-00.000000012300,  -0.60000,
,,,-00.000000012290,  -0.60000,
,,,-00.000000012280,  -0.60000,
,,,-00.000000012270,  -0.60000,
,,,-00.000000012260,  -0.60000,
,,,-00.000000012250,  -0.60000,
,,,-00.000000012240,  -0.60000,
,,,-00.000000012230,  -0.60000,
,,,-00.000000012220,  -0.60000,
,,,-00.000000012210,  -0.60000,
,,,-00.000000012200,  -0.60000,
,,,-00.000000012190,  -0.60000,
,,,-00.000000012180,  -0.60000,
,,,-00.000000012170,  -0.60000,
,,,-00.000000012160,  -0.60000,
,,,-00.000000012150,  -0.60000,
,,,-00.000000012140,  -0.60000,
,,,-00.000000012130,  -0.60000,
,,,-00.000000012120,  -0.60000,
,,,-00.000000012110,  -0.60000,
,,,-00.000000012100,  -0.60000,
,,,-00.000000012090,  -0.60000,
,,,-00.000000012080,  -0.60000,
,,,-00.000000012070,  -0.60000,
,,,-00.000000012060,  -0.60000,
,,,-00.000000012050,  -0.60000,
,,,-00.000000012040,  -0.60000,
,,,-00.000000012030,  -0.60000,
,,,-00.000000012020,  -0.60000,
,,,-00.000000012010,  -0.60000,
,,,-00.000000012000,  -0.60000,
,,,-00.000000011990,  -0.60000,
,,,-00.000000011980,  -0.60000,
,,,-00.000000011970,  -0.60000,
,,,-00.000000011960,  -0.60000,
,,,-00.000000011950,  -0.60000,
,,,-00.000000011940,  -0.60000,
,,,-00.000000011930,  -0.60000,
,,,-00.000000011920,  -0.60000,
,,,-00.000000011910,  -0.60000,
,,,-00.000000011900,  -0.60000,
,,,-00.000000011890,  -0.60000,
,,,-00.000000011880,  -0.60000,
,,,-00.000000011870,  -0.60000,
,,,-00.000000011860,  -0.60000,
,,,-00.000000011850,  -0.60000,
,,,-00.000000011840,  -0.60000,
,,,-00.000000011830,  -0.60000,
,,,-00.000000011820,  -0.60000,
,,,-00.000000011810,  -0.60000,
,,,-00.000000011800,  -0.60000,
,,,-00.000000011790,  -0.60000,
,,,-00.000000011780,  -0.60000,
,,,-00.000000011770,  -0.60000,
,,,-00.000000011760,  -0.60000,
,,,-00.000000011750,  -0.60000,
,,,-00.000000011740,  -0.60000,
,,,-00.000000011730,  -0.60000,
,,,-00.000000011720,  -0.60000,
,,,-00.000000011710,  -0.60000,
,,,-00.000000011700,  -0.60000,
,,,-00.000000011690,  -0.60000,
,,,-00.000000011680,  -0.60000,
,,,-00.000000011670,  -0.60000,
,,,-00.000000011660,  -0.60000,
,,,-00.000000011650,  -0.60000,
,,,-00.000000011640,  -0.60000,
,,,-00.000000011630,  -0.60000,
,,,-00.000000011620,  -0.60000,
,,,-00.000000011610,  -0.60000,
,,,-00.000000011600,  -0.60000,
,,,-00.000000011590,  -0.60000,
,,,-00.000000011580,  -0.60000,
,,,-00.000000011570,  -0.60000,
,,,-00.000000011560,  -0.60000,
,,,-00.000000011550,  -0.60000,
,,,-00.000000011540,  -0.60000,
,,,-00.000000011530,  -0.60000,
,,,-00.000000011520,  -0.60000,
,,,-00.000000011510,  -0.60000,
,,,-00.000000011500,  -0.60000,
,,,-00.000000011490,  -0.60000,
,,,-00.000000011480,  -0.60000,
,,,-00.000000011470,  -0.60000,
,,,-00.000000011460,  -0.60000,
,,,-00.000000011450,  -0.60000,
,,,-00.000000011440,  -0.64000,
,,,-00.000000011430,  -0.64000,
,,,-00.000000011420,  -0.64000,
,,,-00.000000011410,  -0.64000,
,,,-00.000000011400,  -0.64000,
,,,-00.000000011390,  -0.64000,
,,,-00.000000011380,  -0.64000,
,,,-00.000000011370,  -0.64000,
,,,-00.000000011360,  -0.64000,
,,,-00.000000011350,  -0.64000,
,,,-00.000000011340,  -0.64000,
,,,-00.000000011330,  -0.64000,
,,,-00.000000011320,  -0.64000,
,,,-00.000000011310,  -0.64000,
,,,-00.000000011300,  -0.64000,
,,,-00.000000011290,  -0.68000,
,,,-00.000000011280,  -0.68000,
,,,-00.000000011270,  -0.68000,
,,,-00.000000011260,  -0.68000,
,,,-00.000000011250,  -0.68000,
,,,-00.000000011240,  -0.68000,
,,,-00.000000011230,  -0.68000,
,,,-00.000000011220,  -0.68000,
,,,-00.000000011210,  -0.68000,
,,,-00.000000011200,  -0.68000,
,,,-00.000000011190,  -0.68000,
,,,-00.000000011180,  -0.68000,
,,,-00.000000011170,  -0.68000,
,,,-00.000000011160,  -0.68000,
,,,-00.000000011150,  -0.68000,
,,,-00.000000011140,  -0.68000,
,,,-00.000000011130,  -0.72000,
,,,-00.000000011120,  -0.72000,
,,,-00.000000011110,  -0.72000,
,,,-00.000000011100,  -0.72000,
,,,-00.000000011090,  -0.72000,
,,,-00.000000011080,  -0.72000,
,,,-00.000000011070,  -0.72000,
,,,-00.000000011060,  -0.72000,
,,,-00.000000011050,  -0.72000,
,,,-00.000000011040,  -0.72000,
,,,-00.000000011030,  -0.72000,
,,,-00.000000011020,  -0.72000,
,,,-00.000000011010,  -0.72000,
,,,-00.000000011000,  -0.72000,
,,,-00.000000010990,  -0.72000,
,,,-00.000000010980,  -0.72000,
,,,-00.000000010970,  -0.72000,
,,,-00.000000010960,  -0.72000,
,,,-00.000000010950,  -0.72000,
,,,-00.000000010940,  -0.72000,
,,,-00.000000010930,  -0.72000,
,,,-00.000000010920,  -0.72000,
,,,-00.000000010910,  -0.72000,
,,,-00.000000010900,  -0.72000,
,,,-00.000000010890,  -0.72000,
,,,-00.000000010880,  -0.72000,
,,,-00.000000010870,  -0.72000,
,,,-00.000000010860,  -0.72000,
,,,-00.000000010850,  -0.72000,
,,,-00.000000010840,  -0.72000,
,,,-00.000000010830,  -0.72000,
,,,-00.000000010820,  -0.72000,
,,,-00.000000010810,  -0.72000,
,,,-00.000000010800,  -0.72000,
,,,-00.000000010790,  -0.72000,
,,,-00.000000010780,  -0.72000,
,,,-00.000000010770,  -0.72000,
,,,-00.000000010760,  -0.72000,
,,,-00.000000010750,  -0.72000,
,,,-00.000000010740,  -0.72000,
,,,-00.000000010730,  -0.72000,
,,,-00.000000010720,  -0.72000,
,,,-00.000000010710,  -0.72000,
,,,-00.000000010700,  -0.72000,
,,,-00.000000010690,  -0.72000,
,,,-00.000000010680,  -0.72000,
,,,-00.000000010670,  -0.72000,
,,,-00.000000010660,  -0.72000,
,,,-00.000000010650,  -0.72000,
,,,-00.000000010640,  -0.72000,
,,,-00.000000010630,  -0.72000,
,,,-00.000000010620,  -0.72000,
,,,-00.000000010610,  -0.72000,
,,,-00.000000010600,  -0.72000,
,,,-00.000000010590,  -0.72000,
,,,-00.000000010580,  -0.72000,
,,,-00.000000010570,  -0.72000,
,,,-00.000000010560,  -0.72000,
,,,-00.000000010550,  -0.72000,
,,,-00.000000010540,  -0.72000,
,,,-00.000000010530,  -0.68000,
,,,-00.000000010520,  -0.68000,
,,,-00.000000010510,  -0.68000,
,,,-00.000000010500,  -0.68000,
,,,-00.000000010490,  -0.68000,
,,,-00.000000010480,  -0.68000,
,,,-00.000000010470,  -0.68000,
,,,-00.000000010460,  -0.68000,
,,,-00.000000010450,  -0.68000,
,,,-00.000000010440,  -0.68000,
,,,-00.000000010430,  -0.68000,
,,,-00.000000010420,  -0.68000,
,,,-00.000000010410,  -0.68000,
,,,-00.000000010400,  -0.68000,
,,,-00.000000010390,  -0.68000,
,,,-00.000000010380,  -0.68000,
,,,-00.000000010370,  -0.72000,
,,,-00.000000010360,  -0.72000,
,,,-00.000000010350,  -0.72000,
,,,-00.000000010340,  -0.72000,
,,,-00.000000010330,  -0.72000,
,,,-00.000000010320,  -0.72000,
,,,-00.000000010310,  -0.72000,
,,,-00.000000010300,  -0.72000,
,,,-00.000000010290,  -0.72000,
,,,-00.000000010280,  -0.72000,
,,,-00.000000010270,  -0.72000,
,,,-00.000000010260,  -0.72000,
,,,-00.000000010250,  -0.72000,
,,,-00.000000010240,  -0.72000,
,,,-00.000000010230,  -0.72000,
,,,-00.000000010220,  -0.72000,
,,,-00.000000010210,  -0.72000,
,,,-00.000000010200,  -0.72000,
,,,-00.000000010190,  -0.72000,
,,,-00.000000010180,  -0.72000,
,,,-00.000000010170,  -0.72000,
,,,-00.000000010160,  -0.72000,
,,,-00.000000010150,  -0.72000,
,,,-00.000000010140,  -0.72000,
,,,-00.000000010130,  -0.72000,
,,,-00.000000010120,  -0.72000,
,,,-00.000000010110,  -0.72000,
,,,-00.000000010100,  -0.72000,
,,,-00.000000010090,  -0.72000,
,,,-00.000000010080,  -0.72000,
,,,-00.000000010070,  -0.72000,
,,,-00.000000010060,  -0.72000,
,,,-00.000000010050,  -0.72000,
,,,-00.000000010040,  -0.72000,
,,,-00.000000010030,  -0.72000,
,,,-00.000000010020,  -0.72000,
,,,-00.000000010010,  -0.72000,
,,,-00.000000010000,  -0.72000,
,,,-00.000000009990,  -0.72000,
,,,-00.000000009980,  -0.72000,
,,,-00.000000009970,  -0.72000,
,,,-00.000000009960,  -0.72000,
,,,-00.000000009950,  -0.72000,
,,,-00.000000009940,  -0.72000,
,,,-00.000000009930,  -0.72000,
,,,-00.000000009920,  -0.72000,
,,,-00.000000009910,  -0.72000,
,,,-00.000000009900,  -0.72000,
,,,-00.000000009890,  -0.72000,
,,,-00.000000009880,  -0.72000,
,,,-00.000000009870,  -0.72000,
,,,-00.000000009860,  -0.72000,
,,,-00.000000009850,  -0.72000,
,,,-00.000000009840,  -0.72000,
,,,-00.000000009830,  -0.72000,
,,,-00.000000009820,  -0.72000,
,,,-00.000000009810,  -0.72000,
,,,-00.000000009800,  -0.72000,
,,,-00.000000009790,  -0.72000,
,,,-00.000000009780,  -0.72000,
,,,-00.000000009770,  -0.72000,
,,,-00.000000009760,  -0.72000,
,,,-00.000000009750,  -0.72000,
,,,-00.000000009740,  -0.72000,
,,,-00.000000009730,  -0.72000,
,,,-00.000000009720,  -0.72000,
,,,-00.000000009710,  -0.72000,
,,,-00.000000009700,  -0.72000,
,,,-00.000000009690,  -0.72000,
,,,-00.000000009680,  -0.72000,
,,,-00.000000009670,  -0.72000,
,,,-00.000000009660,  -0.72000,
,,,-00.000000009650,  -0.72000,
,,,-00.000000009640,  -0.72000,
,,,-00.000000009630,  -0.72000,
,,,-00.000000009620,  -0.72000,
,,,-00.000000009610,  -0.72000,
,,,-00.000000009600,  -0.72000,
,,,-00.000000009590,  -0.72000,
,,,-00.000000009580,  -0.72000,
,,,-00.000000009570,  -0.72000,
,,,-00.000000009560,  -0.72000,
,,,-00.000000009550,  -0.72000,
,,,-00.000000009540,  -0.72000,
,,,-00.000000009530,  -0.72000,
,,,-00.000000009520,  -0.72000,
,,,-00.000000009510,  -0.72000,
,,,-00.000000009500,  -0.72000,
,,,-00.000000009490,  -0.72000,
,,,-00.000000009480,  -0.72000,
,,,-00.000000009470,  -0.72000,
,,,-00.000000009460,  -0.72000,
,,,-00.000000009450,  -0.72000,
,,,-00.000000009440,  -0.76000,
,,,-00.000000009430,  -0.76000,
,,,-00.000000009420,  -0.76000,
,,,-00.000000009410,  -0.76000,
,,,-00.000000009400,  -0.76000,
,,,-00.000000009390,  -0.76000,
,,,-00.000000009380,  -0.76000,
,,,-00.000000009370,  -0.76000,
,,,-00.000000009360,  -0.76000,
,,,-00.000000009350,  -0.76000,
,,,-00.000000009340,  -0.76000,
,,,-00.000000009330,  -0.76000,
,,,-00.000000009320,  -0.76000,
,,,-00.000000009310,  -0.76000,
,,,-00.000000009300,  -0.76000,
,,,-00.000000009290,  -0.76000,
,,,-00.000000009280,  -0.80000,
,,,-00.000000009270,  -0.80000,
,,,-00.000000009260,  -0.80000,
,,,-00.000000009250,  -0.80000,
,,,-00.000000009240,  -0.80000,
,,,-00.000000009230,  -0.80000,
,,,-00.000000009220,  -0.80000,
,,,-00.000000009210,  -0.80000,
,,,-00.000000009200,  -0.80000,
,,,-00.000000009190,  -0.80000,
,,,-00.000000009180,  -0.80000,
,,,-00.000000009170,  -0.80000,
,,,-00.000000009160,  -0.84000,
,,,-00.000000009150,  -0.84000,
,,,-00.000000009140,  -0.84000,
,,,-00.000000009130,  -0.84000,
,,,-00.000000009120,  -0.84000,
,,,-00.000000009110,  -0.84000,
,,,-00.000000009100,  -0.84000,
,,,-00.000000009090,  -0.84000,
,,,-00.000000009080,  -0.84000,
,,,-00.000000009070,  -0.84000,
,,,-00.000000009060,  -0.84000,
,,,-00.000000009050,  -0.88000,
,,,-00.000000009040,  -0.88000,
,,,-00.000000009030,  -0.88000,
,,,-00.000000009020,  -0.88000,
,,,-00.000000009010,  -0.88000,
,,,-00.000000009000,  -0.88000,
,,,-00.000000008990,  -0.88000,
,,,-00.000000008980,  -0.88000,
,,,-00.000000008970,  -0.88000,
,,,-00.000000008960,  -0.88000,
,,,-00.000000008950,  -0.92000,
,,,-00.000000008940,  -0.92000,
,,,-00.000000008930,  -0.92000,
,,,-00.000000008920,  -0.92000,
,,,-00.000000008910,  -0.92000,
,,,-00.000000008900,  -0.92000,
,,,-00.000000008890,  -0.92000,
,,,-00.000000008880,  -0.92000,
,,,-00.000000008870,  -0.92000,
,,,-00.000000008860,  -0.92000,
,,,-00.000000008850,  -0.92000,
,,,-00.000000008840,  -0.92000,
,,,-00.000000008830,  -0.92000,
,,,-00.000000008820,  -0.92000,
,,,-00.000000008810,  -0.96000,
,,,-00.000000008800,  -0.96000,
,,,-00.000000008790,  -0.96000,
,,,-00.000000008780,  -0.96000,
,,,-00.000000008770,  -0.96000,
,,,-00.000000008760,  -0.96000,
,,,-00.000000008750,  -0.96000,
,,,-00.000000008740,  -0.96000,
,,,-00.000000008730,  -0.96000,
,,,-00.000000008720,  -0.96000,
,,,-00.000000008710,  -0.96000,
,,,-00.000000008700,  -1.00000,
,,,-00.000000008690,  -1.00000,
,,,-00.000000008680,  -1.00000,
,,,-00.000000008670,  -1.00000,
,,,-00.000000008660,  -1.00000,
,,,-00.000000008650,  -1.00000,
,,,-00.000000008640,  -1.00000,
,,,-00.000000008630,  -1.00000,
,,,-00.000000008620,  -1.00000,
,,,-00.000000008610,  -1.04000,
,,,-00.000000008600,  -1.04000,
,,,-00.000000008590,  -1.04000,
,,,-00.000000008580,  -1.04000,
,,,-00.000000008570,  -1.04000,
,,,-00.000000008560,  -1.04000,
,,,-00.000000008550,  -1.04000,
,,,-00.000000008540,  -1.04000,
,,,-00.000000008530,  -1.04000,
,,,-00.000000008520,  -1.08000,
,,,-00.000000008510,  -1.08000,
,,,-00.000000008500,  -1.08000,
,,,-00.000000008490,  -1.08000,
,,,-00.000000008480,  -1.08000,
,,,-00.000000008470,  -1.08000,
,,,-00.000000008460,  -1.12000,
,,,-00.000000008450,  -1.12000,
,,,-00.000000008440,  -1.12000,
,,,-00.000000008430,  -1.12000,
,,,-00.000000008420,  -1.12000,
,,,-00.000000008410,  -1.12000,
,,,-00.000000008400,  -1.16000,
,,,-00.000000008390,  -1.16000,
,,,-00.000000008380,  -1.16000,
,,,-00.000000008370,  -1.16000,
,,,-00.000000008360,  -1.16000,
,,,-00.000000008350,  -1.20000,
,,,-00.000000008340,  -1.20000,
,,,-00.000000008330,  -1.20000,
,,,-00.000000008320,  -1.20000,
,,,-00.000000008310,  -1.20000,
,,,-00.000000008300,  -1.24000,
,,,-00.000000008290,  -1.24000,
,,,-00.000000008280,  -1.24000,
,,,-00.000000008270,  -1.24000,
,,,-00.000000008260,  -1.28000,
,,,-00.000000008250,  -1.28000,
,,,-00.000000008240,  -1.28000,
,,,-00.000000008230,  -1.28000,
,,,-00.000000008220,  -1.28000,
,,,-00.000000008210,  -1.32000,
,,,-00.000000008200,  -1.32000,
,,,-00.000000008190,  -1.32000,
,,,-00.000000008180,  -1.32000,
,,,-00.000000008170,  -1.36000,
,,,-00.000000008160,  -1.36000,
,,,-00.000000008150,  -1.36000,
,,,-00.000000008140,  -1.36000,
,,,-00.000000008130,  -1.40000,
,,,-00.000000008120,  -1.40000,
,,,-00.000000008110,  -1.40000,
,,,-00.000000008100,  -1.44000,
,,,-00.000000008090,  -1.44000,
,,,-00.000000008080,  -1.44000,
,,,-00.000000008070,  -1.44000,
,,,-00.000000008060,  -1.48000,
,,,-00.000000008050,  -1.48000,
,,,-00.000000008040,  -1.48000,
,,,-00.000000008030,  -1.52000,
,,,-00.000000008020,  -1.52000,
,,,-00.000000008010,  -1.52000,
,,,-00.000000008000,  -1.52000,
,,,-00.000000007990,  -1.56000,
,,,-00.000000007980,  -1.56000,
,,,-00.000000007970,  -1.56000,
,,,-00.000000007960,  -1.60000,
,,,-00.000000007950,  -1.60000,
,,,-00.000000007940,  -1.60000,
,,,-00.000000007930,  -1.64000,
,,,-00.000000007920,  -1.64000,
,,,-00.000000007910,  -1.64000,
,,,-00.000000007900,  -1.64000,
,,,-00.000000007890,  -1.68000,
,,,-00.000000007880,  -1.68000,
,,,-00.000000007870,  -1.68000,
,,,-00.000000007860,  -1.72000,
,,,-00.000000007850,  -1.72000,
,,,-00.000000007840,  -1.72000,
,,,-00.000000007830,  -1.76000,
,,,-00.000000007820,  -1.76000,
,,,-00.000000007810,  -1.76000,
,,,-00.000000007800,  -1.80000,
,,,-00.000000007790,  -1.80000,
,,,-00.000000007780,  -1.80000,
,,,-00.000000007770,  -1.84000,
,,,-00.000000007760,  -1.84000,
,,,-00.000000007750,  -1.84000,
,,,-00.000000007740,  -1.88000,
,,,-00.000000007730,  -1.88000,
,,,-00.000000007720,  -1.88000,
,,,-00.000000007710,  -1.92000,
,,,-00.000000007700,  -1.92000,
,,,-00.000000007690,  -1.96000,
,,,-00.000000007680,  -1.96000,
,,,-00.000000007670,  -1.96000,
,,,-00.000000007660,  -2.00000,
,,,-00.000000007650,  -2.00000,
,,,-00.000000007640,  -2.00000,
,,,-00.000000007630,  -2.04000,
,,,-00.000000007620,  -2.04000,
,,,-00.000000007610,  -2.08000,
,,,-00.000000007600,  -2.08000,
,,,-00.000000007590,  -2.08000,
,,,-00.000000007580,  -2.12000,
,,,-00.000000007570,  -2.12000,
,,,-00.000000007560,  -2.16000,
,,,-00.000000007550,  -2.16000,
,,,-00.000000007540,  -2.16000,
,,,-00.000000007530,  -2.20000,
,,,-00.000000007520,  -2.20000,
,,,-00.000000007510,  -2.24000,
,,,-00.000000007500,  -2.24000,
,,,-00.000000007490,  -2.28000,
,,,-00.000000007480,  -2.28000,
,,,-00.000000007470,  -2.28000,
,,,-00.000000007460,  -2.32000,
,,,-00.000000007450,  -2.32000,
,,,-00.000000007440,  -2.36000,
,,,-00.000000007430,  -2.36000,
,,,-00.000000007420,  -2.40000,
,,,-00.000000007410,  -2.40000,
,,,-00.000000007400,  -2.40000,
,,,-00.000000007390,  -2.44000,
,,,-00.000000007380,  -2.44000,
,,,-00.000000007370,  -2.48000,
,,,-00.000000007360,  -2.48000,
,,,-00.000000007350,  -2.52000,
,,,-00.000000007340,  -2.52000,
,,,-00.000000007330,  -2.56000,
,,,-00.000000007320,  -2.56000,
,,,-00.000000007310,  -2.60000,
,,,-00.000000007300,  -2.60000,
,,,-00.000000007290,  -2.64000,
,,,-00.000000007280,  -2.64000,
,,,-00.000000007270,  -2.68000,
,,,-00.000000007260,  -2.68000,
,,,-00.000000007250,  -2.72000,
,,,-00.000000007240,  -2.72000,
,,,-00.000000007230,  -2.76000,
,,,-00.000000007220,  -2.76000,
,,,-00.000000007210,  -2.80000,
,,,-00.000000007200,  -2.80000,
,,,-00.000000007190,  -2.84000,
,,,-00.000000007180,  -2.84000,
,,,-00.000000007170,  -2.88000,
,,,-00.000000007160,  -2.88000,
,,,-00.000000007150,  -2.92000,
,,,-00.000000007140,  -2.92000,
,,,-00.000000007130,  -2.96000,
,,,-00.000000007120,  -2.96000,
,,,-00.000000007110,  -3.00000,
,,,-00.000000007100,  -3.00000,
,,,-00.000000007090,  -3.04000,
,,,-00.000000007080,  -3.04000,
,,,-00.000000007070,  -3.08000,
,,,-00.000000007060,  -3.08000,
,,,-00.000000007050,  -3.12000,
,,,-00.000000007040,  -3.12000,
,,,-00.000000007030,  -3.16000,
,,,-00.000000007020,  -3.20000,
,,,-00.000000007010,  -3.20000,
,,,-00.000000007000,  -3.24000,
,,,-00.000000006990,  -3.24000,
,,,-00.000000006980,  -3.28000,
,,,-00.000000006970,  -3.28000,
,,,-00.000000006960,  -3.32000,
,,,-00.000000006950,  -3.36000,
,,,-00.000000006940,  -3.36000,
,,,-00.000000006930,  -3.40000,
,,,-00.000000006920,  -3.40000,
,,,-00.000000006910,  -3.44000,
,,,-00.000000006900,  -3.44000,
,,,-00.000000006890,  -3.48000,
,,,-00.000000006880,  -3.52000,
,,,-00.000000006870,  -3.52000,
,,,-00.000000006860,  -3.56000,
,,,-00.000000006850,  -3.56000,
,,,-00.000000006840,  -3.60000,
,,,-00.000000006830,  -3.64000,
,,,-00.000000006820,  -3.64000,
,,,-00.000000006810,  -3.68000,
,,,-00.000000006800,  -3.68000,
,,,-00.000000006790,  -3.72000,
,,,-00.000000006780,  -3.76000,
,,,-00.000000006770,  -3.76000,
,,,-00.000000006760,  -3.80000,
,,,-00.000000006750,  -3.80000,
,,,-00.000000006740,  -3.84000,
,,,-00.000000006730,  -3.88000,
,,,-00.000000006720,  -3.88000,
,,,-00.000000006710,  -3.92000,
,,,-00.000000006700,  -3.92000,
,,,-00.000000006690,  -3.96000,
,,,-00.000000006680,  -4.00000,
,,,-00.000000006670,  -4.00000,
,,,-00.000000006660,  -4.04000,
,,,-00.000000006650,  -4.04000,
,,,-00.000000006640,  -4.08000,
,,,-00.000000006630,  -4.12000,
,,,-00.000000006620,  -4.12000,
,,,-00.000000006610,  -4.16000,
,,,-00.000000006600,  -4.16000,
,,,-00.000000006590,  -4.20000,
,,,-00.000000006580,  -4.24000,
,,,-00.000000006570,  -4.24000,
,,,-00.000000006560,  -4.28000,
,,,-00.000000006550,  -4.32000,
,,,-00.000000006540,  -4.32000,
,,,-00.000000006530,  -4.36000,
,,,-00.000000006520,  -4.36000,
,,,-00.000000006510,  -4.40000,
,,,-00.000000006500,  -4.44000,
,,,-00.000000006490,  -4.44000,
,,,-00.000000006480,  -4.48000,
,,,-00.000000006470,  -4.48000,
,,,-00.000000006460,  -4.52000,
,,,-00.000000006450,  -4.56000,
,,,-00.000000006440,  -4.56000,
,,,-00.000000006430,  -4.60000,
,,,-00.000000006420,  -4.60000,
,,,-00.000000006410,  -4.64000,
,,,-00.000000006400,  -4.64000,
,,,-00.000000006390,  -4.68000,
,,,-00.000000006380,  -4.72000,
,,,-00.000000006370,  -4.72000,
,,,-00.000000006360,  -4.76000,
,,,-00.000000006350,  -4.76000,
,,,-00.000000006340,  -4.80000,
,,,-00.000000006330,  -4.80000,
,,,-00.000000006320,  -4.84000,
,,,-00.000000006310,  -4.88000,
,,,-00.000000006300,  -4.88000,
,,,-00.000000006290,  -4.92000,
,,,-00.000000006280,  -4.92000,
,,,-00.000000006270,  -4.96000,
,,,-00.000000006260,  -4.96000,
,,,-00.000000006250,  -5.00000,
,,,-00.000000006240,  -5.00000,
,,,-00.000000006230,  -5.04000,
,,,-00.000000006220,  -5.04000,
,,,-00.000000006210,  -5.08000,
,,,-00.000000006200,  -5.12000,
,,,-00.000000006190,  -5.12000,
,,,-00.000000006180,  -5.16000,
,,,-00.000000006170,  -5.16000,
,,,-00.000000006160,  -5.20000,
,,,-00.000000006150,  -5.20000,
,,,-00.000000006140,  -5.24000,
,,,-00.000000006130,  -5.24000,
,,,-00.000000006120,  -5.28000,
,,,-00.000000006110,  -5.28000,
,,,-00.000000006100,  -5.32000,
,,,-00.000000006090,  -5.32000,
,,,-00.000000006080,  -5.36000,
,,,-00.000000006070,  -5.36000,
,,,-00.000000006060,  -5.40000,
,,,-00.000000006050,  -5.40000,
,,,-00.000000006040,  -5.44000,
,,,-00.000000006030,  -5.44000,
,,,-00.000000006020,  -5.48000,
,,,-00.000000006010,  -5.48000,
,,,-00.000000006000,  -5.52000,
,,,-00.000000005990,  -5.52000,
,,,-00.000000005980,  -5.56000,
,,,-00.000000005970,  -5.56000,
,,,-00.000000005960,  -5.60000,
,,,-00.000000005950,  -5.60000,
,,,-00.000000005940,  -5.64000,
,,,-00.000000005930,  -5.64000,
,,,-00.000000005920,  -5.68000,
,,,-00.000000005910,  -5.68000,
,,,-00.000000005900,  -5.72000,
,,,-00.000000005890,  -5.72000,
,,,-00.000000005880,  -5.76000,
,,,-00.000000005870,  -5.76000,
,,,-00.000000005860,  -5.80000,
,,,-00.000000005850,  -5.80000,
,,,-00.000000005840,  -5.84000,
,,,-00.000000005830,  -5.84000,
,,,-00.000000005820,  -5.84000,
,,,-00.000000005810,  -5.88000,
,,,-00.000000005800,  -5.88000,
,,,-00.000000005790,  -5.92000,
,,,-00.000000005780,  -5.92000,
,,,-00.000000005770,  -5.96000,
,,,-00.000000005760,  -5.96000,
,,,-00.000000005750,  -6.00000,
,,,-00.000000005740,  -6.00000,
,,,-00.000000005730,  -6.00000,
,,,-00.000000005720,  -6.04000,
,,,-00.000000005710,  -6.04000,
,,,-00.000000005700,  -6.08000,
,,,-00.000000005690,  -6.08000,
,,,-00.000000005680,  -6.08000,
,,,-00.000000005670,  -6.12000,
,,,-00.000000005660,  -6.12000,
,,,-00.000000005650,  -6.12000,
,,,-00.000000005640,  -6.16000,
,,,-00.000000005630,  -6.16000,
,,,-00.000000005620,  -6.20000,
,,,-00.000000005610,  -6.20000,
,,,-00.000000005600,  -6.20000,
,,,-00.000000005590,  -6.24000,
,,,-00.000000005580,  -6.24000,
,,,-00.000000005570,  -6.24000,
,,,-00.000000005560,  -6.28000,
,,,-00.000000005550,  -6.28000,
,,,-00.000000005540,  -6.28000,
,,,-00.000000005530,  -6.32000,
,,,-00.000000005520,  -6.32000,
,,,-00.000000005510,  -6.32000,
,,,-00.000000005500,  -6.36000,
,,,-00.000000005490,  -6.36000,
,,,-00.000000005480,  -6.36000,
,,,-00.000000005470,  -6.36000,
,,,-00.000000005460,  -6.40000,
,,,-00.000000005450,  -6.40000,
,,,-00.000000005440,  -6.40000,
,,,-00.000000005430,  -6.40000,
,,,-00.000000005420,  -6.44000,
,,,-00.000000005410,  -6.44000,
,,,-00.000000005400,  -6.44000,
,,,-00.000000005390,  -6.48000,
,,,-00.000000005380,  -6.48000,
,,,-00.000000005370,  -6.48000,
,,,-00.000000005360,  -6.48000,
,,,-00.000000005350,  -6.48000,
,,,-00.000000005340,  -6.52000,
,,,-00.000000005330,  -6.52000,
,,,-00.000000005320,  -6.52000,
,,,-00.000000005310,  -6.52000,
,,,-00.000000005300,  -6.56000,
,,,-00.000000005290,  -6.56000,
,,,-00.000000005280,  -6.56000,
,,,-00.000000005270,  -6.56000,
,,,-00.000000005260,  -6.56000,
,,,-00.000000005250,  -6.56000,
,,,-00.000000005240,  -6.60000,
,,,-00.000000005230,  -6.60000,
,,,-00.000000005220,  -6.60000,
,,,-00.000000005210,  -6.60000,
,,,-00.000000005200,  -6.60000,
,,,-00.000000005190,  -6.60000,
,,,-00.000000005180,  -6.60000,
,,,-00.000000005170,  -6.64000,
,,,-00.000000005160,  -6.64000,
,,,-00.000000005150,  -6.64000,
,,,-00.000000005140,  -6.64000,
,,,-00.000000005130,  -6.64000,
,,,-00.000000005120,  -6.64000,
,,,-00.000000005110,  -6.64000,
,,,-00.000000005100,  -6.64000,
,,,-00.000000005090,  -6.64000,
,,,-00.000000005080,  -6.64000,
,,,-00.000000005070,  -6.64000,
,,,-00.000000005060,  -6.64000,
,,,-00.000000005050,  -6.64000,
,,,-00.000000005040,  -6.64000,
,,,-00.000000005030,  -6.64000,
,,,-00.000000005020,  -6.64000,
,,,-00.000000005010,  -6.64000,
,,,-00.000000005000,  -6.64000,
,,,-00.000000004990,  -6.64000,
,,,-00.000000004980,  -6.64000,
,,,-00.000000004970,  -6.64000,
,,,-00.000000004960,  -6.64000,
,,,-00.000000004950,  -6.64000,
,,,-00.000000004940,  -6.64000,
,,,-00.000000004930,  -6.64000,
,,,-00.000000004920,  -6.64000,
,,,-00.000000004910,  -6.64000,
,,,-00.000000004900,  -6.64000,
,,,-00.000000004890,  -6.64000,
,,,-00.000000004880,  -6.64000,
,,,-00.000000004870,  -6.64000,
,,,-00.000000004860,  -6.64000,
,,,-00.000000004850,  -6.64000,
,,,-00.000000004840,  -6.64000,
,,,-00.000000004830,  -6.64000,
,,,-00.000000004820,  -6.60000,
,,,-00.000000004810,  -6.60000,
,,,-00.000000004800,  -6.60000,
,,,-00.000000004790,  -6.60000,
,,,-00.000000004780,  -6.60000,
,,,-00.000000004770,  -6.60000,
,,,-00.000000004760,  -6.60000,
,,,-00.000000004750,  -6.60000,
,,,-00.000000004740,  -6.56000,
,,,-00.000000004730,  -6.56000,
,,,-00.000000004720,  -6.56000,
,,,-00.000000004710,  -6.56000,
,,,-00.000000004700,  -6.56000,
,,,-00.000000004690,  -6.52000,
,,,-00.000000004680,  -6.52000,
,,,-00.000000004670,  -6.52000,
,,,-00.000000004660,  -6.52000,
,,,-00.000000004650,  -6.52000,
,,,-00.000000004640,  -6.48000,
,,,-00.000000004630,  -6.48000,
,,,-00.000000004620,  -6.48000,
,,,-00.000000004610,  -6.48000,
,,,-00.000000004600,  -6.44000,
,,,-00.000000004590,  -6.44000,
,,,-00.000000004580,  -6.44000,
,,,-00.000000004570,  -6.44000,
,,,-00.000000004560,  -6.40000,
,,,-00.000000004550,  -6.40000,
,,,-00.000000004540,  -6.40000,
,,,-00.000000004530,  -6.36000,
,,,-00.000000004520,  -6.36000,
,,,-00.000000004510,  -6.36000,
,,,-00.000000004500,  -6.32000,
,,,-00.000000004490,  -6.32000,
,,,-00.000000004480,  -6.32000,
,,,-00.000000004470,  -6.28000,
,,,-00.000000004460,  -6.28000,
,,,-00.000000004450,  -6.28000,
,,,-00.000000004440,  -6.24000,
,,,-00.000000004430,  -6.24000,
,,,-00.000000004420,  -6.24000,
,,,-00.000000004410,  -6.20000,
,,,-00.000000004400,  -6.20000,
,,,-00.000000004390,  -6.16000,
,,,-00.000000004380,  -6.16000,
,,,-00.000000004370,  -6.12000,
,,,-00.000000004360,  -6.12000,
,,,-00.000000004350,  -6.12000,
,,,-00.000000004340,  -6.08000,
,,,-00.000000004330,  -6.08000,
,,,-00.000000004320,  -6.04000,
,,,-00.000000004310,  -6.04000,
,,,-00.000000004300,  -6.00000,
,,,-00.000000004290,  -6.00000,
,,,-00.000000004280,  -5.96000,
,,,-00.000000004270,  -5.96000,
,,,-00.000000004260,  -5.96000,
,,,-00.000000004250,  -5.92000,
,,,-00.000000004240,  -5.92000,
,,,-00.000000004230,  -5.88000,
,,,-00.000000004220,  -5.88000,
,,,-00.000000004210,  -5.84000,
,,,-00.000000004200,  -5.84000,
,,,-00.000000004190,  -5.80000,
,,,-00.000000004180,  -5.80000,
,,,-00.000000004170,  -5.76000,
,,,-00.000000004160,  -5.76000,
,,,-00.000000004150,  -5.72000,
,,,-00.000000004140,  -5.72000,
,,,-00.000000004130,  -5.68000,
,,,-00.000000004120,  -5.68000,
,,,-00.000000004110,  -5.64000,
,,,-00.000000004100,  -5.60000,
,,,-00.000000004090,  -5.60000,
,,,-00.000000004080,  -5.56000,
,,,-00.000000004070,  -5.56000,
,,,-00.000000004060,  -5.52000,
,,,-00.000000004050,  -5.52000,
,,,-00.000000004040,  -5.48000,
,,,-00.000000004030,  -5.48000,
,,,-00.000000004020,  -5.44000,
,,,-00.000000004010,  -5.44000,
,,,-00.000000004000,  -5.40000,
,,,-00.000000003990,  -5.36000,
,,,-00.000000003980,  -5.36000,
,,,-00.000000003970,  -5.32000,
,,,-00.000000003960,  -5.32000,
,,,-00.000000003950,  -5.28000,
,,,-00.000000003940,  -5.28000,
,,,-00.000000003930,  -5.24000,
,,,-00.000000003920,  -5.24000,
,,,-00.000000003910,  -5.20000,
,,,-00.000000003900,  -5.20000,
,,,-00.000000003890,  -5.16000,
,,,-00.000000003880,  -5.16000,
,,,-00.000000003870,  -5.12000,
,,,-00.000000003860,  -5.12000,
,,,-00.000000003850,  -5.08000,
,,,-00.000000003840,  -5.08000,
,,,-00.000000003830,  -5.04000,
,,,-00.000000003820,  -5.04000,
,,,-00.000000003810,  -5.00000,
,,,-00.000000003800,  -4.96000,
,,,-00.000000003790,  -4.96000,
,,,-00.000000003780,  -4.92000,
,,,-00.000000003770,  -4.92000,
,,,-00.000000003760,  -4.88000,
,,,-00.000000003750,  -4.88000,
,,,-00.000000003740,  -4.84000,
,,,-00.000000003730,  -4.84000,
,,,-00.000000003720,  -4.80000,
,,,-00.000000003710,  -4.80000,
,,,-00.000000003700,  -4.76000,
,,,-00.000000003690,  -4.76000,
,,,-00.000000003680,  -4.72000,
,,,-00.000000003670,  -4.68000,
,,,-00.000000003660,  -4.68000,
,,,-00.000000003650,  -4.64000,
,,,-00.000000003640,  -4.64000,
,,,-00.000000003630,  -4.60000,
,,,-00.000000003620,  -4.60000,
,,,-00.000000003610,  -4.56000,
,,,-00.000000003600,  -4.56000,
,,,-00.000000003590,  -4.52000,
,,,-00.000000003580,  -4.48000,
,,,-00.000000003570,  -4.48000,
,,,-00.000000003560,  -4.44000,
,,,-00.000000003550,  -4.44000,
,,,-00.000000003540,  -4.40000,
,,,-00.000000003530,  -4.40000,
,,,-00.000000003520,  -4.36000,
,,,-00.000000003510,  -4.36000,
,,,-00.000000003500,  -4.32000,
,,,-00.000000003490,  -4.28000,
,,,-00.000000003480,  -4.28000,
,,,-00.000000003470,  -4.24000,
,,,-00.000000003460,  -4.24000,
,,,-00.000000003450,  -4.20000,
,,,-00.000000003440,  -4.20000,
,,,-00.000000003430,  -4.16000,
,,,-00.000000003420,  -4.12000,
,,,-00.000000003410,  -4.12000,
,,,-00.000000003400,  -4.08000,
,,,-00.000000003390,  -4.08000,
,,,-00.000000003380,  -4.04000,
,,,-00.000000003370,  -4.04000,
,,,-00.000000003360,  -4.00000,
,,,-00.000000003350,  -3.96000,
,,,-00.000000003340,  -3.96000,
,,,-00.000000003330,  -3.92000,
,,,-00.000000003320,  -3.92000,
,,,-00.000000003310,  -3.88000,
,,,-00.000000003300,  -3.84000,
,,,-00.000000003290,  -3.84000,
,,,-00.000000003280,  -3.80000,
,,,-00.000000003270,  -3.80000,
,,,-00.000000003260,  -3.76000,
,,,-00.000000003250,  -3.76000,
,,,-00.000000003240,  -3.72000,
,,,-00.000000003230,  -3.68000,
,,,-00.000000003220,  -3.68000,
,,,-00.000000003210,  -3.64000,
,,,-00.000000003200,  -3.64000,
,,,-00.000000003190,  -3.60000,
,,,-00.000000003180,  -3.60000,
,,,-00.000000003170,  -3.56000,
,,,-00.000000003160,  -3.56000,
,,,-00.000000003150,  -3.52000,
,,,-00.000000003140,  -3.48000,
,,,-00.000000003130,  -3.48000,
,,,-00.000000003120,  -3.44000,
,,,-00.000000003110,  -3.44000,
,,,-00.000000003100,  -3.40000,
,,,-00.000000003090,  -3.40000,
,,,-00.000000003080,  -3.36000,
,,,-00.000000003070,  -3.36000,
,,,-00.000000003060,  -3.32000,
,,,-00.000000003050,  -3.32000,
,,,-00.000000003040,  -3.28000,
,,,-00.000000003030,  -3.24000,
,,,-00.000000003020,  -3.24000,
,,,-00.000000003010,  -3.20000,
,,,-00.000000003000,  -3.20000,
,,,-00.000000002990,  -3.16000,
,,,-00.000000002980,  -3.16000,
,,,-00.000000002970,  -3.12000,
,,,-00.000000002960,  -3.12000,
,,,-00.000000002950,  -3.08000,
,,,-00.000000002940,  -3.08000,
,,,-00.000000002930,  -3.04000,
,,,-00.000000002920,  -3.04000,
,,,-00.000000002910,  -3.00000,
,,,-00.000000002900,  -3.00000,
,,,-00.000000002890,  -2.96000,
,,,-00.000000002880,  -2.96000,
,,,-00.000000002870,  -2.96000,
,,,-00.000000002860,  -2.92000,
,,,-00.000000002850,  -2.92000,
,,,-00.000000002840,  -2.88000,
,,,-00.000000002830,  -2.88000,
,,,-00.000000002820,  -2.84000,
,,,-00.000000002810,  -2.84000,
,,,-00.000000002800,  -2.80000,
,,,-00.000000002790,  -2.80000,
,,,-00.000000002780,  -2.80000,
,,,-00.000000002770,  -2.76000,
,,,-00.000000002760,  -2.76000,
,,,-00.000000002750,  -2.72000,
,,,-00.000000002740,  -2.72000,
,,,-00.000000002730,  -2.68000,
,,,-00.000000002720,  -2.68000,
,,,-00.000000002710,  -2.68000,
,,,-00.000000002700,  -2.64000,
,,,-00.000000002690,  -2.64000,
,,,-00.000000002680,  -2.60000,
,,,-00.000000002670,  -2.60000,
,,,-00.000000002660,  -2.60000,
,,,-00.000000002650,  -2.56000,
,,,-00.000000002640,  -2.56000,
,,,-00.000000002630,  -2.56000,
,,,-00.000000002620,  -2.52000,
,,,-00.000000002610,  -2.52000,
,,,-00.000000002600,  -2.52000,
,,,-00.000000002590,  -2.48000,
,,,-00.000000002580,  -2.48000,
,,,-00.000000002570,  -2.44000,
,,,-00.000000002560,  -2.44000,
,,,-00.000000002550,  -2.44000,
,,,-00.000000002540,  -2.44000,
,,,-00.000000002530,  -2.40000,
,,,-00.000000002520,  -2.40000,
,,,-00.000000002510,  -2.40000,
,,,-00.000000002500,  -2.36000,
,,,-00.000000002490,  -2.36000,
,,,-00.000000002480,  -2.36000,
,,,-00.000000002470,  -2.32000,
,,,-00.000000002460,  -2.32000,
,,,-00.000000002450,  -2.32000,
,,,-00.000000002440,  -2.32000,
,,,-00.000000002430,  -2.28000,
,,,-00.000000002420,  -2.28000,
,,,-00.000000002410,  -2.28000,
,,,-00.000000002400,  -2.28000,
,,,-00.000000002390,  -2.24000,
,,,-00.000000002380,  -2.24000,
,,,-00.000000002370,  -2.24000,
,,,-00.000000002360,  -2.24000,
,,,-00.000000002350,  -2.20000,
,,,-00.000000002340,  -2.20000,
,,,-00.000000002330,  -2.20000,
,,,-00.000000002320,  -2.20000,
,,,-00.000000002310,  -2.16000,
,,,-00.000000002300,  -2.16000,
,,,-00.000000002290,  -2.16000,
,,,-00.000000002280,  -2.16000,
,,,-00.000000002270,  -2.16000,
,,,-00.000000002260,  -2.16000,
,,,-00.000000002250,  -2.12000,
,,,-00.000000002240,  -2.12000,
,,,-00.000000002230,  -2.12000,
,,,-00.000000002220,  -2.12000,
,,,-00.000000002210,  -2.12000,
,,,-00.000000002200,  -2.08000,
,,,-00.000000002190,  -2.08000,
,,,-00.000000002180,  -2.08000,
,,,-00.000000002170,  -2.08000,
,,,-00.000000002160,  -2.08000,
,,,-00.000000002150,  -2.08000,
,,,-00.000000002140,  -2.04000,
,,,-00.000000002130,  -2.04000,
,,,-00.000000002120,  -2.04000,
,,,-00.000000002110,  -2.04000,
,,,-00.000000002100,  -2.04000,
,,,-00.000000002090,  -2.04000,
,,,-00.000000002080,  -2.04000,
,,,-00.000000002070,  -2.00000,
,,,-00.000000002060,  -2.00000,
,,,-00.000000002050,  -2.00000,
,,,-00.000000002040,  -2.00000,
,,,-00.000000002030,  -2.00000,
,,,-00.000000002020,  -2.00000,
,,,-00.000000002010,  -2.00000,
,,,-00.000000002000,  -2.00000,
,,,-00.000000001990,  -2.00000,
,,,-00.000000001980,  -1.96000,
,,,-00.000000001970,  -1.96000,
,,,-00.000000001960,  -1.96000,
,,,-00.000000001950,  -1.96000,
,,,-00.000000001940,  -1.96000,
,,,-00.000000001930,  -1.96000,
,,,-00.000000001920,  -1.96000,
,,,-00.000000001910,  -1.96000,
,,,-00.000000001900,  -1.92000,
,,,-00.000000001890,  -1.92000,
,,,-00.000000001880,  -1.92000,
,,,-00.000000001870,  -1.92000,
,,,-00.000000001860,  -1.92000,
,,,-00.000000001850,  -1.92000,
,,,-00.000000001840,  -1.92000,
,,,-00.000000001830,  -1.92000,
,,,-00.000000001820,  -1.92000,
,,,-00.000000001810,  -1.88000,
,,,-00.000000001800,  -1.88000,
,,,-00.000000001790,  -1.88000,
,,,-00.000000001780,  -1.88000,
,,,-00.000000001770,  -1.88000,
,,,-00.000000001760,  -1.88000,
,,,-00.000000001750,  -1.88000,
,,,-00.000000001740,  -1.88000,
,,,-00.000000001730,  -1.88000,
,,,-00.000000001720,  -1.88000,
,,,-00.000000001710,  -1.88000,
,,,-00.000000001700,  -1.88000,
,,,-00.000000001690,  -1.84000,
,,,-00.000000001680,  -1.84000,
,,,-00.000000001670,  -1.84000,
,,,-00.000000001660,  -1.84000,
,,,-00.000000001650,  -1.84000,
,,,-00.000000001640,  -1.84000,
,,,-00.000000001630,  -1.84000,
,,,-00.000000001620,  -1.84000,
,,,-00.000000001610,  -1.84000,
,,,-00.000000001600,  -1.84000,
,,,-00.000000001590,  -1.84000,
,,,-00.000000001580,  -1.84000,
,,,-00.000000001570,  -1.84000,
,,,-00.000000001560,  -1.84000,
,,,-00.000000001550,  -1.84000,
,,,-00.000000001540,  -1.84000,
,,,-00.000000001530,  -1.84000,
,,,-00.000000001520,  -1.84000,
,,,-00.000000001510,  -1.84000,
,,,-00.000000001500,  -1.80000,
,,,-00.000000001490,  -1.80000,
,,,-00.000000001480,  -1.80000,
,,,-00.000000001470,  -1.80000,
,,,-00.000000001460,  -1.80000,
,,,-00.000000001450,  -1.80000,
,,,-00.000000001440,  -1.80000,
,,,-00.000000001430,  -1.80000,
,,,-00.000000001420,  -1.80000,
,,,-00.000000001410,  -1.80000,
,,,-00.000000001400,  -1.80000,
,,,-00.000000001390,  -1.80000,
,,,-00.000000001380,  -1.80000,
,,,-00.000000001370,  -1.80000,
,,,-00.000000001360,  -1.80000,
,,,-00.000000001350,  -1.80000,
,,,-00.000000001340,  -1.80000,
,,,-00.000000001330,  -1.80000,
,,,-00.000000001320,  -1.80000,
,,,-00.000000001310,  -1.80000,
,,,-00.000000001300,  -1.80000,
,,,-00.000000001290,  -1.80000,
,,,-00.000000001280,  -1.80000,
,,,-00.000000001270,  -1.80000,
,,,-00.000000001260,  -1.80000,
,,,-00.000000001250,  -1.80000,
,,,-00.000000001240,  -1.80000,
,,,-00.000000001230,  -1.80000,
,,,-00.000000001220,  -1.80000,
,,,-00.000000001210,  -1.80000,
,,,-00.000000001200,  -1.84000,
,,,-00.000000001190,  -1.84000,
,,,-00.000000001180,  -1.84000,
,,,-00.000000001170,  -1.84000,
,,,-00.000000001160,  -1.84000,
,,,-00.000000001150,  -1.84000,
,,,-00.000000001140,  -1.84000,
,,,-00.000000001130,  -1.84000,
,,,-00.000000001120,  -1.84000,
,,,-00.000000001110,  -1.84000,
,,,-00.000000001100,  -1.84000,
,,,-00.000000001090,  -1.84000,
,,,-00.000000001080,  -1.84000,
,,,-00.000000001070,  -1.84000,
,,,-00.000000001060,  -1.84000,
,,,-00.000000001050,  -1.84000,
,,,-00.000000001040,  -1.84000,
,,,-00.000000001030,  -1.84000,
,,,-00.000000001020,  -1.84000,
,,,-00.000000001010,  -1.84000,
,,,-00.000000001000,  -1.84000,
,,,-00.000000000990,  -1.84000,
,,,-00.000000000980,  -1.84000,
,,,-00.000000000970,  -1.84000,
,,,-00.000000000960,  -1.84000,
,,,-00.000000000950,  -1.84000,
,,,-00.000000000940,  -1.88000,
,,,-00.000000000930,  -1.88000,
,,,-00.000000000920,  -1.88000,
,,,-00.000000000910,  -1.88000,
,,,-00.000000000900,  -1.88000,
,,,-00.000000000890,  -1.88000,
,,,-00.000000000880,  -1.88000,
,,,-00.000000000870,  -1.88000,
,,,-00.000000000860,  -1.88000,
,,,-00.000000000850,  -1.88000,
,,,-00.000000000840,  -1.88000,
,,,-00.000000000830,  -1.88000,
,,,-00.000000000820,  -1.88000,
,,,-00.000000000810,  -1.88000,
,,,-00.000000000800,  -1.88000,
,,,-00.000000000790,  -1.88000,
,,,-00.000000000780,  -1.88000,
,,,-00.000000000770,  -1.88000,
,,,-00.000000000760,  -1.88000,
,,,-00.000000000750,  -1.88000,
,,,-00.000000000740,  -1.88000,
,,,-00.000000000730,  -1.88000,
,,,-00.000000000720,  -1.88000,
,,,-00.000000000710,  -1.88000,
,,,-00.000000000700,  -1.92000,
,,,-00.000000000690,  -1.92000,
,,,-00.000000000680,  -1.92000,
,,,-00.000000000670,  -1.92000,
,,,-00.000000000660,  -1.92000,
,,,-00.000000000650,  -1.92000,
,,,-00.000000000640,  -1.92000,
,,,-00.000000000630,  -1.92000,
,,,-00.000000000620,  -1.92000,
,,,-00.000000000610,  -1.92000,
,,,-00.000000000600,  -1.92000,
,,,-00.000000000590,  -1.92000,
,,,-00.000000000580,  -1.92000,
,,,-00.000000000570,  -1.92000,
,,,-00.000000000560,  -1.92000,
,,,-00.000000000550,  -1.92000,
,,,-00.000000000540,  -1.92000,
,,,-00.000000000530,  -1.92000,
,,,-00.000000000520,  -1.92000,
,,,-00.000000000510,  -1.92000,
,,,-00.000000000500,  -1.92000,
,,,-00.000000000490,  -1.92000,
,,,-00.000000000480,  -1.92000,
,,,-00.000000000470,  -1.92000,
,,,-00.000000000460,  -1.92000,
,,,-00.000000000450,  -1.92000,
,,,-00.000000000440,  -1.92000,
,,,-00.000000000430,  -1.92000,
,,,-00.000000000420,  -1.92000,
,,,-00.000000000410,  -1.92000,
,,,-00.000000000400,  -1.96000,
,,,-00.000000000390,  -1.96000,
,,,-00.000000000380,  -1.96000,
,,,-00.000000000370,  -1.96000,
,,,-00.000000000360,  -1.96000,
,,,-00.000000000350,  -1.96000,
,,,-00.000000000340,  -1.96000,
,,,-00.000000000330,  -1.96000,
,,,-00.000000000320,  -1.96000,
,,,-00.000000000310,  -1.96000,
,,,-00.000000000300,  -1.96000,
,,,-00.000000000290,  -1.96000,
,,,-00.000000000280,  -1.96000,
,,,-00.000000000270,  -1.96000,
,,,-00.000000000260,  -1.96000,
,,,-00.000000000250,  -1.96000,
,,,-00.000000000240,  -1.96000,
,,,-00.000000000230,  -1.96000,
,,,-00.000000000220,  -1.96000,
,,,-00.000000000210,  -1.96000,
,,,-00.000000000200,  -1.96000,
,,,-00.000000000190,  -1.96000,
,,,-00.000000000180,  -1.96000,
,,,-00.000000000170,  -1.96000,
,,,-00.000000000160,  -1.96000,
,,,-00.000000000150,  -1.96000,
,,,-00.000000000140,  -1.96000,
,,,-00.000000000130,  -1.96000,
,,,-00.000000000120,  -1.96000,
,,,-00.000000000110,  -1.96000,
,,,-00.000000000100,  -1.96000,
,,,-00.000000000090,  -1.96000,
,,,-00.000000000080,  -1.96000,
,,,-00.000000000070,  -1.96000,
,,,-00.000000000060,  -1.96000,
,,,-00.000000000050,  -1.96000,
,,,-00.000000000040,  -1.96000,
,,,-00.000000000030,  -1.92000,
,,,-00.000000000020,  -1.92000,
,,,-00.000000000010,  -1.92000,
,,,-00.000000000000,  -1.92000,
,,,00.000000000010,  -1.92000,
,,,00.000000000020,  -1.92000,
,,,00.000000000030,  -1.92000,
,,,00.000000000040,  -1.92000,
,,,00.000000000050,  -1.92000,
,,,00.000000000060,  -1.92000,
,,,00.000000000070,  -1.92000,
,,,00.000000000080,  -1.92000,
,,,00.000000000090,  -1.92000,
,,,00.000000000100,  -1.92000,
,,,00.000000000110,  -1.92000,
,,,00.000000000120,  -1.92000,
,,,00.000000000130,  -1.92000,
,,,00.000000000140,  -1.92000,
,,,00.000000000150,  -1.92000,
,,,00.000000000160,  -1.92000,
,,,00.000000000170,  -1.92000,
,,,00.000000000180,  -1.92000,
,,,00.000000000190,  -1.92000,
,,,00.000000000200,  -1.92000,
,,,00.000000000210,  -1.92000,
,,,00.000000000220,  -1.92000,
,,,00.000000000230,  -1.92000,
,,,00.000000000240,  -1.92000,
,,,00.000000000250,  -1.92000,
,,,00.000000000260,  -1.92000,
,,,00.000000000270,  -1.92000,
,,,00.000000000280,  -1.92000,
,,,00.000000000290,  -1.92000,
,,,00.000000000300,  -1.92000,
,,,00.000000000310,  -1.92000,
,,,00.000000000320,  -1.88000,
,,,00.000000000330,  -1.88000,
,,,00.000000000340,  -1.88000,
,,,00.000000000350,  -1.88000,
,,,00.000000000360,  -1.88000,
,,,00.000000000370,  -1.88000,
,,,00.000000000380,  -1.88000,
,,,00.000000000390,  -1.88000,
,,,00.000000000400,  -1.88000,
,,,00.000000000410,  -1.88000,
,,,00.000000000420,  -1.88000,
,,,00.000000000430,  -1.88000,
,,,00.000000000440,  -1.88000,
,,,00.000000000450,  -1.88000,
,,,00.000000000460,  -1.88000,
,,,00.000000000470,  -1.88000,
,,,00.000000000480,  -1.88000,
,,,00.000000000490,  -1.88000,
,,,00.000000000500,  -1.88000,
,,,00.000000000510,  -1.84000,
,,,00.000000000520,  -1.84000,
,,,00.000000000530,  -1.84000,
,,,00.000000000540,  -1.84000,
,,,00.000000000550,  -1.84000,
,,,00.000000000560,  -1.84000,
,,,00.000000000570,  -1.84000,
,,,00.000000000580,  -1.84000,
,,,00.000000000590,  -1.84000,
,,,00.000000000600,  -1.84000,
,,,00.000000000610,  -1.84000,
,,,00.000000000620,  -1.84000,
,,,00.000000000630,  -1.84000,
,,,00.000000000640,  -1.84000,
,,,00.000000000650,  -1.84000,
,,,00.000000000660,  -1.84000,
,,,00.000000000670,  -1.80000,
,,,00.000000000680,  -1.80000,
,,,00.000000000690,  -1.80000,
,,,00.000000000700,  -1.80000,
,,,00.000000000710,  -1.80000,
,,,00.000000000720,  -1.80000,
,,,00.000000000730,  -1.80000,
,,,00.000000000740,  -1.80000,
,,,00.000000000750,  -1.80000,
,,,00.000000000760,  -1.80000,
,,,00.000000000770,  -1.80000,
,,,00.000000000780,  -1.80000,
,,,00.000000000790,  -1.80000,
,,,00.000000000800,  -1.76000,
,,,00.000000000810,  -1.76000,
,,,00.000000000820,  -1.76000,
,,,00.000000000830,  -1.76000,
,,,00.000000000840,  -1.76000,
,,,00.000000000850,  -1.76000,
,,,00.000000000860,  -1.76000,
,,,00.000000000870,  -1.76000,
,,,00.000000000880,  -1.76000,
,,,00.000000000890,  -1.76000,
,,,00.000000000900,  -1.76000,
,,,00.000000000910,  -1.76000,
,,,00.000000000920,  -1.72000,
,,,00.000000000930,  -1.72000,
,,,00.000000000940,  -1.72000,
,,,00.000000000950,  -1.72000,
,,,00.000000000960,  -1.72000,
,,,00.000000000970,  -1.72000,
,,,00.000000000980,  -1.72000,
,,,00.000000000990,  -1.72000,
,,,00.000000001000,  -1.72000,
,,,00.000000001010,  -1.72000,
,,,00.000000001020,  -1.68000,
,,,00.000000001030,  -1.68000,
,,,00.000000001040,  -1.68000,
,,,00.000000001050,  -1.68000,
,,,00.000000001060,  -1.68000,
,,,00.000000001070,  -1.68000,
,,,00.000000001080,  -1.68000,
,,,00.000000001090,  -1.68000,
,,,00.000000001100,  -1.68000,
,,,00.000000001110,  -1.68000,
,,,00.000000001120,  -1.64000,
,,,00.000000001130,  -1.64000,
,,,00.000000001140,  -1.64000,
,,,00.000000001150,  -1.64000,
,,,00.000000001160,  -1.64000,
,,,00.000000001170,  -1.64000,
,,,00.000000001180,  -1.64000,
,,,00.000000001190,  -1.64000,
,,,00.000000001200,  -1.64000,
,,,00.000000001210,  -1.60000,
,,,00.000000001220,  -1.60000,
,,,00.000000001230,  -1.60000,
,,,00.000000001240,  -1.60000,
,,,00.000000001250,  -1.60000,
,,,00.000000001260,  -1.60000,
,,,00.000000001270,  -1.60000,
,,,00.000000001280,  -1.60000,
,,,00.000000001290,  -1.60000,
,,,00.000000001300,  -1.56000,
,,,00.000000001310,  -1.56000,
,,,00.000000001320,  -1.56000,
,,,00.000000001330,  -1.56000,
,,,00.000000001340,  -1.56000,
,,,00.000000001350,  -1.56000,
,,,00.000000001360,  -1.56000,
,,,00.000000001370,  -1.56000,
,,,00.000000001380,  -1.52000,
,,,00.000000001390,  -1.52000,
,,,00.000000001400,  -1.52000,
,,,00.000000001410,  -1.52000,
,,,00.000000001420,  -1.52000,
,,,00.000000001430,  -1.52000,
,,,00.000000001440,  -1.52000,
,,,00.000000001450,  -1.48000,
,,,00.000000001460,  -1.48000,
,,,00.000000001470,  -1.48000,
,,,00.000000001480,  -1.48000,
,,,00.000000001490,  -1.48000,
,,,00.000000001500,  -1.48000,
,,,00.000000001510,  -1.48000,
,,,00.000000001520,  -1.48000,
,,,00.000000001530,  -1.44000,
,,,00.000000001540,  -1.44000,
,,,00.000000001550,  -1.44000,
,,,00.000000001560,  -1.44000,
,,,00.000000001570,  -1.44000,
,,,00.000000001580,  -1.44000,
,,,00.000000001590,  -1.40000,
,,,00.000000001600,  -1.40000,
,,,00.000000001610,  -1.40000,
,,,00.000000001620,  -1.40000,
,,,00.000000001630,  -1.40000,
,,,00.000000001640,  -1.40000,
,,,00.000000001650,  -1.36000,
,,,00.000000001660,  -1.36000,
,,,00.000000001670,  -1.36000,
,,,00.000000001680,  -1.36000,
,,,00.000000001690,  -1.36000,
,,,00.000000001700,  -1.36000,
,,,00.000000001710,  -1.32000,
,,,00.000000001720,  -1.32000,
,,,00.000000001730,  -1.32000,
,,,00.000000001740,  -1.32000,
,,,00.000000001750,  -1.32000,
,,,00.000000001760,  -1.32000,
,,,00.000000001770,  -1.28000,
,,,00.000000001780,  -1.28000,
,,,00.000000001790,  -1.28000,
,,,00.000000001800,  -1.28000,
,,,00.000000001810,  -1.28000,
,,,00.000000001820,  -1.28000,
,,,00.000000001830,  -1.24000,
,,,00.000000001840,  -1.24000,
,,,00.000000001850,  -1.24000,
,,,00.000000001860,  -1.24000,
,,,00.000000001870,  -1.24000,
,,,00.000000001880,  -1.24000,
,,,00.000000001890,  -1.24000,
,,,00.000000001900,  -1.20000,
,,,00.000000001910,  -1.20000,
,,,00.000000001920,  -1.20000,
,,,00.000000001930,  -1.20000,
,,,00.000000001940,  -1.20000,
,,,00.000000001950,  -1.20000,
,,,00.000000001960,  -1.16000,
,,,00.000000001970,  -1.16000,
,,,00.000000001980,  -1.16000,
,,,00.000000001990,  -1.16000,
,,,00.000000002000,  -1.16000,
,,,00.000000002010,  -1.16000,
,,,00.000000002020,  -1.16000,
,,,00.000000002030,  -1.12000,
,,,00.000000002040,  -1.12000,
,,,00.000000002050,  -1.12000,
,,,00.000000002060,  -1.12000,
,,,00.000000002070,  -1.12000,
,,,00.000000002080,  -1.12000,
,,,00.000000002090,  -1.12000,
,,,00.000000002100,  -1.08000,
,,,00.000000002110,  -1.08000,
,,,00.000000002120,  -1.08000,
,,,00.000000002130,  -1.08000,
,,,00.000000002140,  -1.08000,
,,,00.000000002150,  -1.08000,
,,,00.000000002160,  -1.08000,
,,,00.000000002170,  -1.08000,
,,,00.000000002180,  -1.08000,
,,,00.000000002190,  -1.04000,
,,,00.000000002200,  -1.04000,
,,,00.000000002210,  -1.04000,
,,,00.000000002220,  -1.04000,
,,,00.000000002230,  -1.04000,
,,,00.000000002240,  -1.04000,
,,,00.000000002250,  -1.04000,
,,,00.000000002260,  -1.04000,
,,,00.000000002270,  -1.04000,
,,,00.000000002280,  -1.00000,
,,,00.000000002290,  -1.00000,
,,,00.000000002300,  -1.00000,
,,,00.000000002310,  -1.00000,
,,,00.000000002320,  -1.00000,
,,,00.000000002330,  -1.00000,
,,,00.000000002340,  -1.00000,
,,,00.000000002350,  -1.00000,
,,,00.000000002360,  -1.00000,
,,,00.000000002370,  -1.00000,
,,,00.000000002380,  -1.00000,
,,,00.000000002390,  -0.96000,
,,,00.000000002400,  -0.96000,
,,,00.000000002410,  -0.96000,
,,,00.000000002420,  -0.96000,
,,,00.000000002430,  -0.96000,
,,,00.000000002440,  -0.96000,
,,,00.000000002450,  -0.96000,
,,,00.000000002460,  -0.96000,
,,,00.000000002470,  -0.96000,
,,,00.000000002480,  -0.96000,
,,,00.000000002490,  -0.96000,
,,,00.000000002500,  -0.96000,
,,,00.000000002510,  -0.96000,
,,,00.000000002520,  -0.92000,
,,,00.000000002530,  -0.92000,
,,,00.000000002540,  -0.92000,
,,,00.000000002550,  -0.92000,
,,,00.000000002560,  -0.92000,
,,,00.000000002570,  -0.92000,
,,,00.000000002580,  -0.92000,
,,,00.000000002590,  -0.92000,
,,,00.000000002600,  -0.92000,
,,,00.000000002610,  -0.92000,
,,,00.000000002620,  -0.92000,
,,,00.000000002630,  -0.92000,
,,,00.000000002640,  -0.92000,
,,,00.000000002650,  -0.92000,
,,,00.000000002660,  -0.92000,
,,,00.000000002670,  -0.92000,
,,,00.000000002680,  -0.88000,
,,,00.000000002690,  -0.88000,
,,,00.000000002700,  -0.88000,
,,,00.000000002710,  -0.88000,
,,,00.000000002720,  -0.88000,
,,,00.000000002730,  -0.88000,
,,,00.000000002740,  -0.88000,
,,,00.000000002750,  -0.88000,
,,,00.000000002760,  -0.88000,
,,,00.000000002770,  -0.88000,
,,,00.000000002780,  -0.88000,
,,,00.000000002790,  -0.88000,
,,,00.000000002800,  -0.88000,
,,,00.000000002810,  -0.88000,
,,,00.000000002820,  -0.88000,
,,,00.000000002830,  -0.88000,
,,,00.000000002840,  -0.88000,
,,,00.000000002850,  -0.88000,
,,,00.000000002860,  -0.88000,
,,,00.000000002870,  -0.88000,
,,,00.000000002880,  -0.88000,
,,,00.000000002890,  -0.88000,
,,,00.000000002900,  -0.88000,
,,,00.000000002910,  -0.88000,
,,,00.000000002920,  -0.88000,
,,,00.000000002930,  -0.88000,
,,,00.000000002940,  -0.88000,
,,,00.000000002950,  -0.88000,
,,,00.000000002960,  -0.84000,
,,,00.000000002970,  -0.84000,
,,,00.000000002980,  -0.84000,
,,,00.000000002990,  -0.84000,
,,,00.000000003000,  -0.84000,
,,,00.000000003010,  -0.84000,
,,,00.000000003020,  -0.84000,
,,,00.000000003030,  -0.84000,
,,,00.000000003040,  -0.84000,
,,,00.000000003050,  -0.84000,
,,,00.000000003060,  -0.84000,
,,,00.000000003070,  -0.84000,
,,,00.000000003080,  -0.84000,
,,,00.000000003090,  -0.84000,
,,,00.000000003100,  -0.84000,
,,,00.000000003110,  -0.84000,
,,,00.000000003120,  -0.84000,
,,,00.000000003130,  -0.84000,
,,,00.000000003140,  -0.84000,
,,,00.000000003150,  -0.84000,
,,,00.000000003160,  -0.84000,
,,,00.000000003170,  -0.84000,
,,,00.000000003180,  -0.84000,
,,,00.000000003190,  -0.84000,
,,,00.000000003200,  -0.84000,
,,,00.000000003210,  -0.84000,
,,,00.000000003220,  -0.84000,
,,,00.000000003230,  -0.84000,
,,,00.000000003240,  -0.84000,
,,,00.000000003250,  -0.84000,
,,,00.000000003260,  -0.84000,
,,,00.000000003270,  -0.84000,
,,,00.000000003280,  -0.84000,
,,,00.000000003290,  -0.84000,
,,,00.000000003300,  -0.84000,
,,,00.000000003310,  -0.84000,
,,,00.000000003320,  -0.84000,
,,,00.000000003330,  -0.84000,
,,,00.000000003340,  -0.84000,
,,,00.000000003350,  -0.84000,
,,,00.000000003360,  -0.84000,
,,,00.000000003370,  -0.84000,
,,,00.000000003380,  -0.84000,
,,,00.000000003390,  -0.84000,
,,,00.000000003400,  -0.84000,
,,,00.000000003410,  -0.84000,
,,,00.000000003420,  -0.84000,
,,,00.000000003430,  -0.84000,
,,,00.000000003440,  -0.84000,
,,,00.000000003450,  -0.84000,
,,,00.000000003460,  -0.84000,
,,,00.000000003470,  -0.84000,
,,,00.000000003480,  -0.84000,
,,,00.000000003490,  -0.84000,
,,,00.000000003500,  -0.84000,
,,,00.000000003510,  -0.84000,
,,,00.000000003520,  -0.84000,
,,,00.000000003530,  -0.84000,
,,,00.000000003540,  -0.84000,
,,,00.000000003550,  -0.84000,
,,,00.000000003560,  -0.88000,
,,,00.000000003570,  -0.88000,
,,,00.000000003580,  -0.88000,
,,,00.000000003590,  -0.88000,
,,,00.000000003600,  -0.88000,
,,,00.000000003610,  -0.88000,
,,,00.000000003620,  -0.88000,
,,,00.000000003630,  -0.88000,
,,,00.000000003640,  -0.88000,
,,,00.000000003650,  -0.88000,
,,,00.000000003660,  -0.88000,
,,,00.000000003670,  -0.88000,
,,,00.000000003680,  -0.88000,
,,,00.000000003690,  -0.88000,
,,,00.000000003700,  -0.88000,
,,,00.000000003710,  -0.88000,
,,,00.000000003720,  -0.88000,
,,,00.000000003730,  -0.88000,
,,,00.000000003740,  -0.88000,
,,,00.000000003750,  -0.92000,
,,,00.000000003760,  -0.92000,
,,,00.000000003770,  -0.92000,
,,,00.000000003780,  -0.92000,
,,,00.000000003790,  -0.92000,
,,,00.000000003800,  -0.92000,
,,,00.000000003810,  -0.92000,
,,,00.000000003820,  -0.92000,
,,,00.000000003830,  -0.92000,
,,,00.000000003840,  -0.92000,
,,,00.000000003850,  -0.92000,
,,,00.000000003860,  -0.92000,
,,,00.000000003870,  -0.92000,
,,,00.000000003880,  -0.92000,
,,,00.000000003890,  -0.92000,
,,,00.000000003900,  -0.96000,
,,,00.000000003910,  -0.96000,
,,,00.000000003920,  -0.96000,
,,,00.000000003930,  -0.96000,
,,,00.000000003940,  -0.96000,
,,,00.000000003950,  -0.96000,
,,,00.000000003960,  -0.96000,
,,,00.000000003970,  -0.96000,
,,,00.000000003980,  -0.96000,
,,,00.000000003990,  -0.96000,
,,,00.000000004000,  -0.96000,
,,,00.000000004010,  -0.96000,
,,,00.000000004020,  -0.96000,
,,,00.000000004030,  -0.96000,
,,,00.000000004040,  -0.96000,
,,,00.000000004050,  -0.96000,
,,,00.000000004060,  -1.00000,
,,,00.000000004070,  -1.00000,
,,,00.000000004080,  -1.00000,
,,,00.000000004090,  -1.00000,
,,,00.000000004100,  -1.00000,
,,,00.000000004110,  -1.00000,
,,,00.000000004120,  -1.00000,
,,,00.000000004130,  -1.00000,
,,,00.000000004140,  -1.00000,
,,,00.000000004150,  -1.00000,
,,,00.000000004160,  -1.00000,
,,,00.000000004170,  -1.00000,
,,,00.000000004180,  -1.00000,
,,,00.000000004190,  -1.00000,
,,,00.000000004200,  -1.00000,
,,,00.000000004210,  -1.00000,
,,,00.000000004220,  -1.00000,
,,,00.000000004230,  -1.00000,
,,,00.000000004240,  -1.00000,
,,,00.000000004250,  -1.00000,
,,,00.000000004260,  -1.00000,
,,,00.000000004270,  -1.00000,
,,,00.000000004280,  -1.04000,
,,,00.000000004290,  -1.04000,
,,,00.000000004300,  -1.04000,
,,,00.000000004310,  -1.04000,
,,,00.000000004320,  -1.04000,
,,,00.000000004330,  -1.04000,
,,,00.000000004340,  -1.04000,
,,,00.000000004350,  -1.04000,
,,,00.000000004360,  -1.04000,
,,,00.000000004370,  -1.04000,
,,,00.000000004380,  -1.04000,
,,,00.000000004390,  -1.04000,
,,,00.000000004400,  -1.04000,
,,,00.000000004410,  -1.04000,
,,,00.000000004420,  -1.04000,
,,,00.000000004430,  -1.04000,
,,,00.000000004440,  -1.04000,
,,,00.000000004450,  -1.04000,
,,,00.000000004460,  -1.04000,
,,,00.000000004470,  -1.04000,
,,,00.000000004480,  -1.04000,
,,,00.000000004490,  -1.04000,
,,,00.000000004500,  -1.04000,
,,,00.000000004510,  -1.04000,
,,,00.000000004520,  -1.04000,
,,,00.000000004530,  -1.04000,
,,,00.000000004540,  -1.04000,
,,,00.000000004550,  -1.04000,
,,,00.000000004560,  -1.04000,
,,,00.000000004570,  -1.04000,
,,,00.000000004580,  -1.04000,
,,,00.000000004590,  -1.04000,
,,,00.000000004600,  -1.08000,
,,,00.000000004610,  -1.08000,
,,,00.000000004620,  -1.08000,
,,,00.000000004630,  -1.08000,
,,,00.000000004640,  -1.08000,
,,,00.000000004650,  -1.08000,
,,,00.000000004660,  -1.08000,
,,,00.000000004670,  -1.08000,
,,,00.000000004680,  -1.08000,
,,,00.000000004690,  -1.08000,
,,,00.000000004700,  -1.08000,
,,,00.000000004710,  -1.08000,
,,,00.000000004720,  -1.08000,
,,,00.000000004730,  -1.08000,
,,,00.000000004740,  -1.08000,
,,,00.000000004750,  -1.08000,
,,,00.000000004760,  -1.08000,
,,,00.000000004770,  -1.08000,
,,,00.000000004780,  -1.08000,
,,,00.000000004790,  -1.08000,
,,,00.000000004800,  -1.08000,
,,,00.000000004810,  -1.08000,
,,,00.000000004820,  -1.08000,
,,,00.000000004830,  -1.08000,
,,,00.000000004840,  -1.08000,
,,,00.000000004850,  -1.08000,
,,,00.000000004860,  -1.08000,
,,,00.000000004870,  -1.08000,
,,,00.000000004880,  -1.08000,
,,,00.000000004890,  -1.08000,
,,,00.000000004900,  -1.08000,
,,,00.000000004910,  -1.08000,
,,,00.000000004920,  -1.08000,
,,,00.000000004930,  -1.08000,
,,,00.000000004940,  -1.08000,
,,,00.000000004950,  -1.08000,
,,,00.000000004960,  -1.08000,
,,,00.000000004970,  -1.08000,
,,,00.000000004980,  -1.08000,
,,,00.000000004990,  -1.08000,
,,,00.000000005000,  -1.08000,
,,,00.000000005010,  -1.08000,
,,,00.000000005020,  -1.08000,
,,,00.000000005030,  -1.08000,
,,,00.000000005040,  -1.08000,
,,,00.000000005050,  -1.08000,
,,,00.000000005060,  -1.12000,
,,,00.000000005070,  -1.12000,
,,,00.000000005080,  -1.12000,
,,,00.000000005090,  -1.12000,
,,,00.000000005100,  -1.12000,
,,,00.000000005110,  -1.12000,
,,,00.000000005120,  -1.12000,
,,,00.000000005130,  -1.12000,
,,,00.000000005140,  -1.12000,
,,,00.000000005150,  -1.12000,
,,,00.000000005160,  -1.12000,
,,,00.000000005170,  -1.12000,
,,,00.000000005180,  -1.12000,
,,,00.000000005190,  -1.12000,
,,,00.000000005200,  -1.12000,
,,,00.000000005210,  -1.12000,
,,,00.000000005220,  -1.12000,
,,,00.000000005230,  -1.16000,
,,,00.000000005240,  -1.16000,
,,,00.000000005250,  -1.16000,
,,,00.000000005260,  -1.16000,
,,,00.000000005270,  -1.16000,
,,,00.000000005280,  -1.16000,
,,,00.000000005290,  -1.16000,
,,,00.000000005300,  -1.16000,
,,,00.000000005310,  -1.16000,
,,,00.000000005320,  -1.16000,
,,,00.000000005330,  -1.16000,
,,,00.000000005340,  -1.16000,
,,,00.000000005350,  -1.16000,
,,,00.000000005360,  -1.16000,
,,,00.000000005370,  -1.16000,
,,,00.000000005380,  -1.20000,
,,,00.000000005390,  -1.20000,
,,,00.000000005400,  -1.20000,
,,,00.000000005410,  -1.20000,
,,,00.000000005420,  -1.20000,
,,,00.000000005430,  -1.20000,
,,,00.000000005440,  -1.20000,
,,,00.000000005450,  -1.20000,
,,,00.000000005460,  -1.20000,
,,,00.000000005470,  -1.20000,
,,,00.000000005480,  -1.20000,
,,,00.000000005490,  -1.20000,
,,,00.000000005500,  -1.20000,
,,,00.000000005510,  -1.20000,
,,,00.000000005520,  -1.20000,
,,,00.000000005530,  -1.20000,
,,,00.000000005540,  -1.20000,
,,,00.000000005550,  -1.20000,
,,,00.000000005560,  -1.20000,
,,,00.000000005570,  -1.24000,
,,,00.000000005580,  -1.24000,
,,,00.000000005590,  -1.24000,
,,,00.000000005600,  -1.24000,
,,,00.000000005610,  -1.24000,
,,,00.000000005620,  -1.24000,
,,,00.000000005630,  -1.24000,
,,,00.000000005640,  -1.24000,
,,,00.000000005650,  -1.24000,
,,,00.000000005660,  -1.24000,
,,,00.000000005670,  -1.24000,
,,,00.000000005680,  -1.24000,
,,,00.000000005690,  -1.24000,
,,,00.000000005700,  -1.24000,
,,,00.000000005710,  -1.24000,
,,,00.000000005720,  -1.24000,
,,,00.000000005730,  -1.24000,
,,,00.000000005740,  -1.24000,
,,,00.000000005750,  -1.24000,
,,,00.000000005760,  -1.24000,
,,,00.000000005770,  -1.24000,
,,,00.000000005780,  -1.24000,
,,,00.000000005790,  -1.24000,
,,,00.000000005800,  -1.24000,
,,,00.000000005810,  -1.24000,
,,,00.000000005820,  -1.24000,
,,,00.000000005830,  -1.24000,
,,,00.000000005840,  -1.24000,
,,,00.000000005850,  -1.24000,
,,,00.000000005860,  -1.24000,
,,,00.000000005870,  -1.24000,
,,,00.000000005880,  -1.24000,
,,,00.000000005890,  -1.24000,
,,,00.000000005900,  -1.24000,
,,,00.000000005910,  -1.24000,
,,,00.000000005920,  -1.24000,
,,,00.000000005930,  -1.24000,
,,,00.000000005940,  -1.24000,
,,,00.000000005950,  -1.24000,
,,,00.000000005960,  -1.24000,
,,,00.000000005970,  -1.24000,
,,,00.000000005980,  -1.24000,
,,,00.000000005990,  -1.24000,
,,,00.000000006000,  -1.24000,
,,,00.000000006010,  -1.24000,
,,,00.000000006020,  -1.24000,
,,,00.000000006030,  -1.24000,
,,,00.000000006040,  -1.24000,
,,,00.000000006050,  -1.24000,
,,,00.000000006060,  -1.24000,
,,,00.000000006070,  -1.24000,
,,,00.000000006080,  -1.24000,
,,,00.000000006090,  -1.24000,
,,,00.000000006100,  -1.24000,
,,,00.000000006110,  -1.28000,
,,,00.000000006120,  -1.28000,
,,,00.000000006130,  -1.28000,
,,,00.000000006140,  -1.28000,
,,,00.000000006150,  -1.28000,
,,,00.000000006160,  -1.28000,
,,,00.000000006170,  -1.28000,
,,,00.000000006180,  -1.28000,
,,,00.000000006190,  -1.28000,
,,,00.000000006200,  -1.28000,
,,,00.000000006210,  -1.28000,
,,,00.000000006220,  -1.28000,
,,,00.000000006230,  -1.28000,
,,,00.000000006240,  -1.28000,
,,,00.000000006250,  -1.28000,
,,,00.000000006260,  -1.28000,
,,,00.000000006270,  -1.28000,
,,,00.000000006280,  -1.28000,
,,,00.000000006290,  -1.28000,
,,,00.000000006300,  -1.28000,
,,,00.000000006310,  -1.28000,
,,,00.000000006320,  -1.28000,
,,,00.000000006330,  -1.28000,
,,,00.000000006340,  -1.28000,
,,,00.000000006350,  -1.28000,
,,,00.000000006360,  -1.28000,
,,,00.000000006370,  -1.28000,
,,,00.000000006380,  -1.28000,
,,,00.000000006390,  -1.28000,
,,,00.000000006400,  -1.28000,
,,,00.000000006410,  -1.28000,
,,,00.000000006420,  -1.28000,
,,,00.000000006430,  -1.28000,
,,,00.000000006440,  -1.28000,
,,,00.000000006450,  -1.28000,
,,,00.000000006460,  -1.28000,
,,,00.000000006470,  -1.28000,
,,,00.000000006480,  -1.28000,
,,,00.000000006490,  -1.28000,
,,,00.000000006500,  -1.28000,
,,,00.000000006510,  -1.28000,
,,,00.000000006520,  -1.28000,
,,,00.000000006530,  -1.28000,
,,,00.000000006540,  -1.28000,
,,,00.000000006550,  -1.28000,
,,,00.000000006560,  -1.28000,
,,,00.000000006570,  -1.28000,
,,,00.000000006580,  -1.32000,
,,,00.000000006590,  -1.32000,
,,,00.000000006600,  -1.32000,
,,,00.000000006610,  -1.32000,
,,,00.000000006620,  -1.32000,
,,,00.000000006630,  -1.32000,
,,,00.000000006640,  -1.32000,
,,,00.000000006650,  -1.32000,
,,,00.000000006660,  -1.32000,
,,,00.000000006670,  -1.32000,
,,,00.000000006680,  -1.32000,
,,,00.000000006690,  -1.32000,
,,,00.000000006700,  -1.32000,
,,,00.000000006710,  -1.32000,
,,,00.000000006720,  -1.32000,
,,,00.000000006730,  -1.32000,
,,,00.000000006740,  -1.32000,
,,,00.000000006750,  -1.32000,
,,,00.000000006760,  -1.32000,
,,,00.000000006770,  -1.32000,
,,,00.000000006780,  -1.32000,
,,,00.000000006790,  -1.32000,
,,,00.000000006800,  -1.32000,
,,,00.000000006810,  -1.32000,
,,,00.000000006820,  -1.32000,
,,,00.000000006830,  -1.32000,
,,,00.000000006840,  -1.32000,
,,,00.000000006850,  -1.36000,
,,,00.000000006860,  -1.36000,
,,,00.000000006870,  -1.36000,
,,,00.000000006880,  -1.36000,
,,,00.000000006890,  -1.36000,
,,,00.000000006900,  -1.36000,
,,,00.000000006910,  -1.36000,
,,,00.000000006920,  -1.36000,
,,,00.000000006930,  -1.36000,
,,,00.000000006940,  -1.36000,
,,,00.000000006950,  -1.36000,
,,,00.000000006960,  -1.36000,
,,,00.000000006970,  -1.36000,
,,,00.000000006980,  -1.36000,
,,,00.000000006990,  -1.36000,
,,,00.000000007000,  -1.36000,
,,,00.000000007010,  -1.36000,
,,,00.000000007020,  -1.36000,
,,,00.000000007030,  -1.36000,
,,,00.000000007040,  -1.36000,
,,,00.000000007050,  -1.40000,
,,,00.000000007060,  -1.40000,
,,,00.000000007070,  -1.40000,
,,,00.000000007080,  -1.40000,
,,,00.000000007090,  -1.40000,
,,,00.000000007100,  -1.40000,
,,,00.000000007110,  -1.40000,
,,,00.000000007120,  -1.40000,
,,,00.000000007130,  -1.40000,
,,,00.000000007140,  -1.40000,
,,,00.000000007150,  -1.40000,
,,,00.000000007160,  -1.40000,
,,,00.000000007170,  -1.40000,
,,,00.000000007180,  -1.40000,
,,,00.000000007190,  -1.40000,
,,,00.000000007200,  -1.44000,
,,,00.000000007210,  -1.44000,
,,,00.000000007220,  -1.44000,
,,,00.000000007230,  -1.44000,
,,,00.000000007240,  -1.44000,
,,,00.000000007250,  -1.44000,
,,,00.000000007260,  -1.44000,
,,,00.000000007270,  -1.44000,
,,,00.000000007280,  -1.44000,
,,,00.000000007290,  -1.44000,
,,,00.000000007300,  -1.44000,
,,,00.000000007310,  -1.44000,
,,,00.000000007320,  -1.44000,
,,,00.000000007330,  -1.44000,
,,,00.000000007340,  -1.44000,
,,,00.000000007350,  -1.44000,
,,,00.000000007360,  -1.48000,
,,,00.000000007370,  -1.48000,
,,,00.000000007380,  -1.48000,
,,,00.000000007390,  -1.48000,
,,,00.000000007400,  -1.48000,
,,,00.000000007410,  -1.48000,
,,,00.000000007420,  -1.48000,
,,,00.000000007430,  -1.48000,
,,,00.000000007440,  -1.48000,
,,,00.000000007450,  -1.48000,
,,,00.000000007460,  -1.48000,
,,,00.000000007470,  -1.48000,
,,,00.000000007480,  -1.48000,
,,,00.000000007490,  -1.48000,
,,,00.000000007500,  -1.48000,
,,,00.000000007510,  -1.48000,
,,,00.000000007520,  -1.48000,
,,,00.000000007530,  -1.48000,
,,,00.000000007540,  -1.48000,
,,,00.000000007550,  -1.48000,
,,,00.000000007560,  -1.48000,
,,,00.000000007570,  -1.48000,
,,,00.000000007580,  -1.48000,
,,,00.000000007590,  -1.48000,
,,,00.000000007600,  -1.48000,
,,,00.000000007610,  -1.48000,
,,,00.000000007620,  -1.48000,
,,,00.000000007630,  -1.48000,
,,,00.000000007640,  -1.48000,
,,,00.000000007650,  -1.48000,
,,,00.000000007660,  -1.48000,
,,,00.000000007670,  -1.48000,
,,,00.000000007680,  -1.48000,
,,,00.000000007690,  -1.48000,
,,,00.000000007700,  -1.48000,
,,,00.000000007710,  -1.48000,
,,,00.000000007720,  -1.48000,
,,,00.000000007730,  -1.48000,
,,,00.000000007740,  -1.48000,
,,,00.000000007750,  -1.48000,
,,,00.000000007760,  -1.48000,
,,,00.000000007770,  -1.48000,
,,,00.000000007780,  -1.48000,
,,,00.000000007790,  -1.48000,
,,,00.000000007800,  -1.48000,
,,,00.000000007810,  -1.48000,
,,,00.000000007820,  -1.48000,
,,,00.000000007830,  -1.48000,
,,,00.000000007840,  -1.48000,
,,,00.000000007850,  -1.48000,
,,,00.000000007860,  -1.48000,
,,,00.000000007870,  -1.48000,
,,,00.000000007880,  -1.48000,
,,,00.000000007890,  -1.48000,
,,,00.000000007900,  -1.48000,
,,,00.000000007910,  -1.48000,
,,,00.000000007920,  -1.48000,
,,,00.000000007930,  -1.48000,
,,,00.000000007940,  -1.48000,
,,,00.000000007950,  -1.48000,
,,,00.000000007960,  -1.48000,
,,,00.000000007970,  -1.48000,
,,,00.000000007980,  -1.48000,
,,,00.000000007990,  -1.48000,
,,,00.000000008000,  -1.48000,
,,,00.000000008010,  -1.44000,
,,,00.000000008020,  -1.44000,
,,,00.000000008030,  -1.44000,
,,,00.000000008040,  -1.44000,
,,,00.000000008050,  -1.44000,
,,,00.000000008060,  -1.44000,
,,,00.000000008070,  -1.44000,
,,,00.000000008080,  -1.44000,
,,,00.000000008090,  -1.44000,
,,,00.000000008100,  -1.44000,
,,,00.000000008110,  -1.44000,
,,,00.000000008120,  -1.44000,
,,,00.000000008130,  -1.44000,
,,,00.000000008140,  -1.44000,
,,,00.000000008150,  -1.44000,
,,,00.000000008160,  -1.44000,
,,,00.000000008170,  -1.44000,
,,,00.000000008180,  -1.44000,
,,,00.000000008190,  -1.44000,
,,,00.000000008200,  -1.44000,
,,,00.000000008210,  -1.44000,
,,,00.000000008220,  -1.40000,
,,,00.000000008230,  -1.40000,
,,,00.000000008240,  -1.40000,
,,,00.000000008250,  -1.40000,
,,,00.000000008260,  -1.40000,
,,,00.000000008270,  -1.40000,
,,,00.000000008280,  -1.40000,
,,,00.000000008290,  -1.40000,
,,,00.000000008300,  -1.40000,
,,,00.000000008310,  -1.40000,
,,,00.000000008320,  -1.40000,
,,,00.000000008330,  -1.40000,
,,,00.000000008340,  -1.40000,
,,,00.000000008350,  -1.40000,
,,,00.000000008360,  -1.40000,
,,,00.000000008370,  -1.40000,
,,,00.000000008380,  -1.40000,
,,,00.000000008390,  -1.36000,
,,,00.000000008400,  -1.36000,
,,,00.000000008410,  -1.36000,
,,,00.000000008420,  -1.36000,
,,,00.000000008430,  -1.36000,
,,,00.000000008440,  -1.36000,
,,,00.000000008450,  -1.36000,
,,,00.000000008460,  -1.36000,
,,,00.000000008470,  -1.36000,
,,,00.000000008480,  -1.36000,
,,,00.000000008490,  -1.36000,
,,,00.000000008500,  -1.36000,
,,,00.000000008510,  -1.36000,
,,,00.000000008520,  -1.32000,
,,,00.000000008530,  -1.32000,
,,,00.000000008540,  -1.32000,
,,,00.000000008550,  -1.32000,
,,,00.000000008560,  -1.32000,
,,,00.000000008570,  -1.32000,
,,,00.000000008580,  -1.32000,
,,,00.000000008590,  -1.32000,
,,,00.000000008600,  -1.32000,
,,,00.000000008610,  -1.32000,
,,,00.000000008620,  -1.32000,
,,,00.000000008630,  -1.32000,
,,,00.000000008640,  -1.28000,
,,,00.000000008650,  -1.28000,
,,,00.000000008660,  -1.28000,
,,,00.000000008670,  -1.28000,
,,,00.000000008680,  -1.28000,
,,,00.000000008690,  -1.28000,
,,,00.000000008700,  -1.28000,
,,,00.000000008710,  -1.28000,
,,,00.000000008720,  -1.28000,
,,,00.000000008730,  -1.28000,
,,,00.000000008740,  -1.24000,
,,,00.000000008750,  -1.24000,
,,,00.000000008760,  -1.24000,
,,,00.000000008770,  -1.24000,
,,,00.000000008780,  -1.24000,
,,,00.000000008790,  -1.24000,
,,,00.000000008800,  -1.24000,
,,,00.000000008810,  -1.24000,
,,,00.000000008820,  -1.24000,
,,,00.000000008830,  -1.24000,
,,,00.000000008840,  -1.20000,
,,,00.000000008850,  -1.20000,
,,,00.000000008860,  -1.20000,
,,,00.000000008870,  -1.20000,
,,,00.000000008880,  -1.20000,
,,,00.000000008890,  -1.20000,
,,,00.000000008900,  -1.20000,
,,,00.000000008910,  -1.20000,
,,,00.000000008920,  -1.20000,
,,,00.000000008930,  -1.16000,
,,,00.000000008940,  -1.16000,
,,,00.000000008950,  -1.16000,
,,,00.000000008960,  -1.16000,
,,,00.000000008970,  -1.16000,
,,,00.000000008980,  -1.16000,
,,,00.000000008990,  -1.16000,
,,,00.000000009000,  -1.16000,
,,,00.000000009010,  -1.16000,
,,,00.000000009020,  -1.12000,
,,,00.000000009030,  -1.12000,
,,,00.000000009040,  -1.12000,
,,,00.000000009050,  -1.12000,
,,,00.000000009060,  -1.12000,
,,,00.000000009070,  -1.12000,
,,,00.000000009080,  -1.12000,
,,,00.000000009090,  -1.12000,
,,,00.000000009100,  -1.12000,
,,,00.000000009110,  -1.08000,
,,,00.000000009120,  -1.08000,
,,,00.000000009130,  -1.08000,
,,,00.000000009140,  -1.08000,
,,,00.000000009150,  -1.08000,
,,,00.000000009160,  -1.08000,
,,,00.000000009170,  -1.08000,
,,,00.000000009180,  -1.04000,
,,,00.000000009190,  -1.04000,
,,,00.000000009200,  -1.04000,
,,,00.000000009210,  -1.04000,
,,,00.000000009220,  -1.04000,
,,,00.000000009230,  -1.04000,
,,,00.000000009240,  -1.04000,
,,,00.000000009250,  -1.04000,
,,,00.000000009260,  -1.00000,
,,,00.000000009270,  -1.00000,
,,,00.000000009280,  -1.00000,
,,,00.000000009290,  -1.00000,
,,,00.000000009300,  -1.00000,
,,,00.000000009310,  -1.00000,
,,,00.000000009320,  -1.00000,
,,,00.000000009330,  -1.00000,
,,,00.000000009340,  -1.00000,
,,,00.000000009350,  -0.96000,
,,,00.000000009360,  -0.96000,
,,,00.000000009370,  -0.96000,
,,,00.000000009380,  -0.96000,
,,,00.000000009390,  -0.96000,
,,,00.000000009400,  -0.96000,
,,,00.000000009410,  -0.96000,
,,,00.000000009420,  -0.96000,
,,,00.000000009430,  -0.92000,
,,,00.000000009440,  -0.92000,
,,,00.000000009450,  -0.92000,
,,,00.000000009460,  -0.92000,
,,,00.000000009470,  -0.92000,
,,,00.000000009480,  -0.92000,
,,,00.000000009490,  -0.92000,
,,,00.000000009500,  -0.92000,
,,,00.000000009510,  -0.92000,
,,,00.000000009520,  -0.88000,
,,,00.000000009530,  -0.88000,
,,,00.000000009540,  -0.88000,
,,,00.000000009550,  -0.88000,
,,,00.000000009560,  -0.88000,
,,,00.000000009570,  -0.88000,
,,,00.000000009580,  -0.88000,
,,,00.000000009590,  -0.88000,
,,,00.000000009600,  -0.88000,
,,,00.000000009610,  -0.88000,
,,,00.000000009620,  -0.88000,
,,,00.000000009630,  -0.84000,
,,,00.000000009640,  -0.84000,
,,,00.000000009650,  -0.84000,
,,,00.000000009660,  -0.84000,
,,,00.000000009670,  -0.84000,
,,,00.000000009680,  -0.84000,
,,,00.000000009690,  -0.84000,
,,,00.000000009700,  -0.84000,
,,,00.000000009710,  -0.84000,
,,,00.000000009720,  -0.84000,
,,,00.000000009730,  -0.84000,
,,,00.000000009740,  -0.84000,
,,,00.000000009750,  -0.84000,
,,,00.000000009760,  -0.84000,
,,,00.000000009770,  -0.80000,
,,,00.000000009780,  -0.80000,
,,,00.000000009790,  -0.80000,
,,,00.000000009800,  -0.80000,
,,,00.000000009810,  -0.80000,
,,,00.000000009820,  -0.80000,
,,,00.000000009830,  -0.80000,
,,,00.000000009840,  -0.80000,
,,,00.000000009850,  -0.80000,
,,,00.000000009860,  -0.80000,
,,,00.000000009870,  -0.80000,
,,,00.000000009880,  -0.80000,
,,,00.000000009890,  -0.80000,
,,,00.000000009900,  -0.80000,
,,,00.000000009910,  -0.80000,
,,,00.000000009920,  -0.80000,
,,,00.000000009930,  -0.80000,
,,,00.000000009940,  -0.80000,
,,,00.000000009950,  -0.80000,
,,,00.000000009960,  -0.80000,
,,,00.000000009970,  -0.80000,
,,,00.000000009980,  -0.76000,
,,,00.000000009990,  -0.76000,
,,,00.000000010000,  -0.76000,
,,,00.000000010010,  -0.76000,
,,,00.000000010020,  -0.76000,
,,,00.000000010030,  -0.76000,
,,,00.000000010040,  -0.76000,
,,,00.000000010050,  -0.76000,
,,,00.000000010060,  -0.76000,
,,,00.000000010070,  -0.76000,
,,,00.000000010080,  -0.76000,
,,,00.000000010090,  -0.76000,
,,,00.000000010100,  -0.76000,
,,,00.000000010110,  -0.76000,
,,,00.000000010120,  -0.76000,
,,,00.000000010130,  -0.76000,
,,,00.000000010140,  -0.76000,
,,,00.000000010150,  -0.76000,
,,,00.000000010160,  -0.76000,
,,,00.000000010170,  -0.76000,
,,,00.000000010180,  -0.76000,
,,,00.000000010190,  -0.76000,
,,,00.000000010200,  -0.76000,
,,,00.000000010210,  -0.76000,
,,,00.000000010220,  -0.76000,
,,,00.000000010230,  -0.76000,
,,,00.000000010240,  -0.76000,
,,,00.000000010250,  -0.76000,
,,,00.000000010260,  -0.76000,
,,,00.000000010270,  -0.76000,
,,,00.000000010280,  -0.76000,
,,,00.000000010290,  -0.76000,
,,,00.000000010300,  -0.80000,
,,,00.000000010310,  -0.80000,
,,,00.000000010320,  -0.80000,
,,,00.000000010330,  -0.80000,
,,,00.000000010340,  -0.80000,
,,,00.000000010350,  -0.80000,
,,,00.000000010360,  -0.80000,
,,,00.000000010370,  -0.80000,
,,,00.000000010380,  -0.80000,
,,,00.000000010390,  -0.80000,
,,,00.000000010400,  -0.80000,
,,,00.000000010410,  -0.80000,
,,,00.000000010420,  -0.80000,
,,,00.000000010430,  -0.80000,
,,,00.000000010440,  -0.80000,
,,,00.000000010450,  -0.80000,
,,,00.000000010460,  -0.80000,
,,,00.000000010470,  -0.80000,
,,,00.000000010480,  -0.80000,
,,,00.000000010490,  -0.80000,
,,,00.000000010500,  -0.80000,
,,,00.000000010510,  -0.80000,
,,,00.000000010520,  -0.80000,
,,,00.000000010530,  -0.80000,
,,,00.000000010540,  -0.80000,
,,,00.000000010550,  -0.80000,
,,,00.000000010560,  -0.80000,
,,,00.000000010570,  -0.84000,
,,,00.000000010580,  -0.84000,
,,,00.000000010590,  -0.84000,
,,,00.000000010600,  -0.84000,
,,,00.000000010610,  -0.84000,
,,,00.000000010620,  -0.84000,
,,,00.000000010630,  -0.84000,
,,,00.000000010640,  -0.84000,
,,,00.000000010650,  -0.84000,
,,,00.000000010660,  -0.84000,
,,,00.000000010670,  -0.84000,
,,,00.000000010680,  -0.84000,
,,,00.000000010690,  -0.84000,
,,,00.000000010700,  -0.84000,
,,,00.000000010710,  -0.84000,
,,,00.000000010720,  -0.84000,
,,,00.000000010730,  -0.84000,
,,,00.000000010740,  -0.84000,
,,,00.000000010750,  -0.84000,
,,,00.000000010760,  -0.84000,
,,,00.000000010770,  -0.88000,
,,,00.000000010780,  -0.88000,
,,,00.000000010790,  -0.88000,
,,,00.000000010800,  -0.88000,
,,,00.000000010810,  -0.88000,
,,,00.000000010820,  -0.88000,
,,,00.000000010830,  -0.88000,
,,,00.000000010840,  -0.88000,
,,,00.000000010850,  -0.88000,
,,,00.000000010860,  -0.88000,
,,,00.000000010870,  -0.88000,
,,,00.000000010880,  -0.88000,
,,,00.000000010890,  -0.88000,
,,,00.000000010900,  -0.88000,
,,,00.000000010910,  -0.88000,
,,,00.000000010920,  -0.92000,
,,,00.000000010930,  -0.92000,
,,,00.000000010940,  -0.92000,
,,,00.000000010950,  -0.92000,
,,,00.000000010960,  -0.92000,
,,,00.000000010970,  -0.92000,
,,,00.000000010980,  -0.92000,
,,,00.000000010990,  -0.92000,
,,,00.000000011000,  -0.92000,
,,,00.000000011010,  -0.92000,
,,,00.000000011020,  -0.92000,
,,,00.000000011030,  -0.92000,
,,,00.000000011040,  -0.92000,
,,,00.000000011050,  -0.96000,
,,,00.000000011060,  -0.96000,
,,,00.000000011070,  -0.96000,
,,,00.000000011080,  -0.96000,
,,,00.000000011090,  -0.96000,
,,,00.000000011100,  -0.96000,
,,,00.000000011110,  -0.96000,
,,,00.000000011120,  -0.96000,
,,,00.000000011130,  -0.96000,
,,,00.000000011140,  -0.96000,
,,,00.000000011150,  -1.00000,
,,,00.000000011160,  -1.00000,
,,,00.000000011170,  -1.00000,
,,,00.000000011180,  -1.00000,
,,,00.000000011190,  -1.00000,
,,,00.000000011200,  -1.00000,
,,,00.000000011210,  -1.00000,
,,,00.000000011220,  -1.00000,
,,,00.000000011230,  -1.00000,
,,,00.000000011240,  -1.00000,
,,,00.000000011250,  -1.04000,
,,,00.000000011260,  -1.04000,
,,,00.000000011270,  -1.04000,
,,,00.000000011280,  -1.04000,
,,,00.000000011290,  -1.04000,
,,,00.000000011300,  -1.04000,
,,,00.000000011310,  -1.04000,
,,,00.000000011320,  -1.04000,
,,,00.000000011330,  -1.04000,
,,,00.000000011340,  -1.04000,
,,,00.000000011350,  -1.08000,
,,,00.000000011360,  -1.08000,
,,,00.000000011370,  -1.08000,
,,,00.000000011380,  -1.08000,
,,,00.000000011390,  -1.08000,
,,,00.000000011400,  -1.08000,
,,,00.000000011410,  -1.08000,
,,,00.000000011420,  -1.08000,
,,,00.000000011430,  -1.08000,
,,,00.000000011440,  -1.08000,
,,,00.000000011450,  -1.12000,
,,,00.000000011460,  -1.12000,
,,,00.000000011470,  -1.12000,
,,,00.000000011480,  -1.12000,
,,,00.000000011490,  -1.12000,
,,,00.000000011500,  -1.12000,
,,,00.000000011510,  -1.12000,
,,,00.000000011520,  -1.12000,
,,,00.000000011530,  -1.12000,
,,,00.000000011540,  -1.12000,
,,,00.000000011550,  -1.16000,
,,,00.000000011560,  -1.16000,
,,,00.000000011570,  -1.16000,
,,,00.000000011580,  -1.16000,
,,,00.000000011590,  -1.16000,
,,,00.000000011600,  -1.16000,
,,,00.000000011610,  -1.16000,
,,,00.000000011620,  -1.16000,
,,,00.000000011630,  -1.16000,
,,,00.000000011640,  -1.16000,
,,,00.000000011650,  -1.16000,
,,,00.000000011660,  -1.16000,
,,,00.000000011670,  -1.16000,
,,,00.000000011680,  -1.20000,
,,,00.000000011690,  -1.20000,
,,,00.000000011700,  -1.20000,
,,,00.000000011710,  -1.20000,
,,,00.000000011720,  -1.20000,
,,,00.000000011730,  -1.20000,
,,,00.000000011740,  -1.20000,
,,,00.000000011750,  -1.20000,
,,,00.000000011760,  -1.20000,
,,,00.000000011770,  -1.20000,
,,,00.000000011780,  -1.20000,
,,,00.000000011790,  -1.20000,
,,,00.000000011800,  -1.20000,
,,,00.000000011810,  -1.20000,
,,,00.000000011820,  -1.20000,
,,,00.000000011830,  -1.24000,
,,,00.000000011840,  -1.24000,
,,,00.000000011850,  -1.24000,
,,,00.000000011860,  -1.24000,
,,,00.000000011870,  -1.24000,
,,,00.000000011880,  -1.24000,
,,,00.000000011890,  -1.24000,
,,,00.000000011900,  -1.24000,
,,,00.000000011910,  -1.24000,
,,,00.000000011920,  -1.24000,
,,,00.000000011930,  -1.24000,
,,,00.000000011940,  -1.24000,
,,,00.000000011950,  -1.24000,
,,,00.000000011960,  -1.24000,
,,,00.000000011970,  -1.24000,
,,,00.000000011980,  -1.24000,
,,,00.000000011990,  -1.24000,
,,,00.000000012000,  -1.24000,
,,,00.000000012010,  -1.24000,
,,,00.000000012020,  -1.24000,
,,,00.000000012030,  -1.24000,
,,,00.000000012040,  -1.24000,
,,,00.000000012050,  -1.24000,
,,,00.000000012060,  -1.24000,
,,,00.000000012070,  -1.28000,
,,,00.000000012080,  -1.28000,
,,,00.000000012090,  -1.28000,
,,,00.000000012100,  -1.28000,
,,,00.000000012110,  -1.28000,
,,,00.000000012120,  -1.28000,
,,,00.000000012130,  -1.28000,
,,,00.000000012140,  -1.28000,
,,,00.000000012150,  -1.28000,
,,,00.000000012160,  -1.28000,
,,,00.000000012170,  -1.28000,
,,,00.000000012180,  -1.28000,
,,,00.000000012190,  -1.28000,
,,,00.000000012200,  -1.28000,
,,,00.000000012210,  -1.28000,
,,,00.000000012220,  -1.28000,
,,,00.000000012230,  -1.28000,
,,,00.000000012240,  -1.28000,
,,,00.000000012250,  -1.28000,
,,,00.000000012260,  -1.28000,
,,,00.000000012270,  -1.28000,
,,,00.000000012280,  -1.28000,
,,,00.000000012290,  -1.28000,
,,,00.000000012300,  -1.28000,
,,,00.000000012310,  -1.28000,
,,,00.000000012320,  -1.28000,
,,,00.000000012330,  -1.28000,
,,,00.000000012340,  -1.28000,
,,,00.000000012350,  -1.28000,
,,,00.000000012360,  -1.28000,
,,,00.000000012370,  -1.28000,
,,,00.000000012380,  -1.28000,
,,,00.000000012390,  -1.28000,
,,,00.000000012400,  -1.28000,
,,,00.000000012410,  -1.28000,
,,,00.000000012420,  -1.28000,
,,,00.000000012430,  -1.28000,
,,,00.000000012440,  -1.28000,
,,,00.000000012450,  -1.28000,
,,,00.000000012460,  -1.28000,
,,,00.000000012470,  -1.28000,
,,,00.000000012480,  -1.28000,
,,,00.000000012490,  -1.28000,
